"date","code","rate","bid","ask"
"2015-04-28T01:43:00.000Z","EURUSD",1.088,1.0878,1.0882
"2015-04-28T01:43:00.000Z","GBPUSD",1.5229,1.5228,1.5229
"2015-04-28T01:43:00.000Z","AUDUSD",0.7869,0.7868,0.7869
"2015-04-28T01:43:00.000Z","USDJPY",119.037,119.037,119.041
"2015-04-28T01:44:00.000Z","GBPUSD",1.5229,1.5229,1.523
"2015-04-28T01:44:00.000Z","AUDUSD",0.7868,0.7867,0.787
"2015-04-28T01:44:00.000Z","USDJPY",119.04,119.04,119.06
"2015-04-28T01:44:00.000Z","EURUSD",1.088,1.088,1.0881
"2015-05-05T00:31:00.000Z","EURUSD",1.1145,1.1144,1.1145
"2015-05-05T00:31:00.000Z","EURUSD",1.1145,1.1144,1.1145
"2015-05-05T00:31:00.000Z","GBPUSD",1.5121,1.512,1.5121
"2015-05-05T00:31:00.000Z","AUDUSD",0.7845,0.7844,0.7846
"2015-05-05T00:31:00.000Z","USDJPY",120.143,120.143,120.147
"2015-05-05T01:12:00.000Z","EURUSD",1.1148,1.1147,1.1148
"2015-05-05T01:12:00.000Z","EURUSD",1.1148,1.1147,1.1148
"2015-05-05T01:12:00.000Z","GBPUSD",1.5123,1.5122,1.5123
"2015-05-05T01:12:00.000Z","AUDUSD",0.7836,0.7836,0.7837
"2015-05-05T01:12:00.000Z","USDJPY",120.156,120.156,120.159
"2015-05-05T01:13:00.000Z","EURUSD",1.1147,1.1146,1.1148
"2015-05-05T01:13:00.000Z","EURUSD",1.1147,1.1146,1.1148
"2015-05-05T01:13:00.000Z","GBPUSD",1.5122,1.5121,1.5124
"2015-05-05T01:13:00.000Z","AUDUSD",0.7837,0.7836,0.7838
"2015-05-05T01:13:00.000Z","USDJPY",120.159,120.159,120.162
"2015-05-05T01:14:00.000Z","GBPUSD",1.5122,1.512,1.5124
"2015-05-05T01:14:00.000Z","AUDUSD",0.7835,0.7835,0.7836
"2015-05-05T01:16:00.000Z","EURUSD",1.115,1.1148,1.1152
"2015-05-05T01:16:00.000Z","EURUSD",1.115,1.1148,1.1152
"2015-05-05T01:16:00.000Z","GBPUSD",1.5126,1.5125,1.5127
"2015-05-05T01:16:00.000Z","AUDUSD",0.7836,0.7835,0.7838
"2015-05-05T01:16:00.000Z","USDJPY",120.143,120.143,120.146
"2015-05-05T01:17:00.000Z","EURUSD",1.1149,1.1148,1.115
"2015-05-05T01:17:00.000Z","EURUSD",1.1149,1.1148,1.115
"2015-05-05T01:17:00.000Z","GBPUSD",1.5126,1.5124,1.5128
"2015-05-05T01:17:00.000Z","AUDUSD",0.7835,0.7834,0.7836
"2015-05-05T01:17:00.000Z","USDJPY",120.145,120.145,120.16
"2015-05-05T01:18:00.000Z","EURUSD",1.1151,1.115,1.1152
"2015-05-05T01:18:00.000Z","GBPUSD",1.5128,1.5125,1.513
"2015-05-05T01:18:00.000Z","AUDUSD",0.7836,0.7835,0.7838
"2015-05-05T01:18:00.000Z","USDJPY",120.13,120.13,120.14
"2015-05-05T01:19:00.000Z","EURUSD",1.1149,1.1149,1.115
"2015-05-05T01:19:00.000Z","EURUSD",1.1149,1.1149,1.115
"2015-05-05T01:19:00.000Z","GBPUSD",1.5125,1.5123,1.5128
"2015-05-05T01:19:00.000Z","AUDUSD",0.7836,0.7835,0.7838
"2015-05-05T01:19:00.000Z","USDJPY",120.145,120.145,120.16
"2015-05-05T01:20:00.000Z","EURUSD",1.115,1.1149,1.115
"2015-05-05T01:20:00.000Z","EURUSD",1.115,1.1149,1.115
"2015-05-05T01:20:00.000Z","GBPUSD",1.5125,1.5124,1.5126
"2015-05-05T01:20:00.000Z","AUDUSD",0.7836,0.7835,0.7838
"2015-05-05T01:20:00.000Z","USDJPY",120.15,120.15,120.16
"2015-05-05T01:21:00.000Z","EURUSD",1.1149,1.1148,1.1149
"2015-05-05T01:21:00.000Z","EURUSD",1.1149,1.1148,1.1149
"2015-05-05T01:21:00.000Z","AUDUSD",0.7838,0.7836,0.784
"2015-05-05T01:21:00.000Z","USDJPY",120.16,120.16,120.164
"2015-05-05T01:22:00.000Z","EURUSD",1.1149,1.1148,1.1149
"2015-05-05T01:22:00.000Z","EURUSD",1.1149,1.1148,1.1149
"2015-05-05T01:22:00.000Z","GBPUSD",1.5126,1.5124,1.5128
"2015-05-05T01:22:00.000Z","AUDUSD",0.7836,0.7834,0.7839
"2015-05-05T01:22:00.000Z","USDJPY",120.165,120.165,120.18
"2015-05-05T01:23:00.000Z","EURUSD",1.115,1.1148,1.1152
"2015-05-05T01:23:00.000Z","EURUSD",1.115,1.1148,1.1152
"2015-05-05T01:23:00.000Z","GBPUSD",1.5125,1.5123,1.5128
"2015-05-05T01:23:00.000Z","AUDUSD",0.7839,0.7837,0.784
"2015-05-05T01:23:00.000Z","USDJPY",120.18,120.18,120.2
"2015-05-05T01:24:00.000Z","EURUSD",1.1148,1.1145,1.115
"2015-05-05T01:24:00.000Z","EURUSD",1.1148,1.1145,1.115
"2015-05-05T01:24:00.000Z","GBPUSD",1.5128,1.5125,1.513
"2015-05-05T01:24:00.000Z","AUDUSD",0.7839,0.7837,0.784
"2015-05-05T01:25:00.000Z","USDJPY",120.158,120.158,120.161
"2015-05-05T01:26:00.000Z","EURUSD",1.1147,1.1147,1.1147
"2015-05-05T01:26:00.000Z","EURUSD",1.1147,1.1147,1.1147
"2015-05-05T01:26:00.000Z","GBPUSD",1.5124,1.5122,1.5126
"2015-05-05T01:26:00.000Z","AUDUSD",0.7839,0.7837,0.784
"2015-05-05T01:26:00.000Z","USDJPY",120.155,120.155,120.158
"2015-05-05T01:27:00.000Z","EURUSD",1.1149,1.1147,1.115
"2015-05-05T01:27:00.000Z","EURUSD",1.1149,1.1147,1.115
"2015-05-05T01:27:00.000Z","GBPUSD",1.5125,1.5123,1.5128
"2015-05-05T01:27:00.000Z","AUDUSD",0.7839,0.7839,0.784
"2015-05-05T01:27:00.000Z","USDJPY",120.145,120.145,120.16
"2015-05-05T01:35:00.000Z","EURUSD",1.1144,1.1142,1.1146
"2015-05-05T01:35:00.000Z","EURUSD",1.1144,1.1142,1.1146
"2015-05-05T01:35:00.000Z","GBPUSD",1.5126,1.5124,1.5128
"2015-05-05T01:35:00.000Z","AUDUSD",0.7835,0.7834,0.7836
"2015-05-05T01:36:00.000Z","EURUSD",1.1145,1.1144,1.1145
"2015-05-05T01:36:00.000Z","EURUSD",1.1145,1.1144,1.1145
"2015-05-05T01:36:00.000Z","GBPUSD",1.5125,1.5124,1.5126
"2015-05-05T01:36:00.000Z","AUDUSD",0.7839,0.7838,0.784
"2015-05-05T01:36:00.000Z","USDJPY",120.157,120.157,120.161
"2015-05-05T01:38:00.000Z","EURUSD",1.1144,1.1144,1.1145
"2015-05-05T01:38:00.000Z","GBPUSD",1.5124,1.5122,1.5126
"2015-05-05T01:38:00.000Z","AUDUSD",0.7838,0.7837,0.784
"2015-05-05T01:38:00.000Z","USDJPY",120.166,120.166,120.17
"2015-05-05T01:39:00.000Z","EURUSD",1.1144,1.1144,1.1145
"2015-05-05T01:39:00.000Z","EURUSD",1.1144,1.1144,1.1145
"2015-05-05T01:39:00.000Z","GBPUSD",1.5125,1.5124,1.5125
"2015-05-05T01:39:00.000Z","AUDUSD",0.7836,0.7835,0.7838
"2015-05-05T01:39:00.000Z","USDJPY",120.155,120.155,120.18
"2015-05-05T01:40:00.000Z","EURUSD",1.1145,1.1144,1.1145
"2015-05-05T01:40:00.000Z","EURUSD",1.1145,1.1144,1.1145
"2015-05-05T01:40:00.000Z","AUDUSD",0.7839,0.7838,0.7839
"2015-05-05T01:40:00.000Z","USDJPY",120.163,120.163,120.167
"2015-05-05T01:41:00.000Z","EURUSD",1.1143,1.1143,1.1144
"2015-05-05T01:41:00.000Z","GBPUSD",1.5123,1.5122,1.5123
"2015-05-05T01:41:00.000Z","USDJPY",120.168,120.168,120.171
"2015-05-05T01:42:00.000Z","EURUSD",1.1143,1.1143,1.1143
"2015-05-05T01:42:00.000Z","EURUSD",1.1143,1.1143,1.1143
"2015-05-05T01:42:00.000Z","GBPUSD",1.5122,1.5121,1.5122
"2015-05-05T01:42:00.000Z","AUDUSD",0.7837,0.7836,0.7837
"2015-05-05T01:42:00.000Z","USDJPY",120.185,120.185,120.2
"2015-05-05T01:43:00.000Z","EURUSD",1.1143,1.1143,1.1143
"2015-05-05T01:43:00.000Z","EURUSD",1.1143,1.1143,1.1143
"2015-05-05T01:43:00.000Z","GBPUSD",1.5121,1.512,1.5122
"2015-05-05T01:43:00.000Z","AUDUSD",0.7839,0.7838,0.784
"2015-05-05T01:43:00.000Z","USDJPY",120.175,120.175,120.179
"2015-05-05T01:44:00.000Z","EURUSD",1.1144,1.1143,1.1144
"2015-05-05T01:44:00.000Z","EURUSD",1.1144,1.1143,1.1144
"2015-05-05T01:44:00.000Z","GBPUSD",1.5121,1.5119,1.5122
"2015-05-05T01:44:00.000Z","AUDUSD",0.784,0.7839,0.784
"2015-05-05T01:44:00.000Z","USDJPY",120.172,120.172,120.176
"2015-05-05T01:45:00.000Z","EURUSD",1.1146,1.1145,1.1146
"2015-05-05T01:45:00.000Z","EURUSD",1.1146,1.1145,1.1146
"2015-05-05T01:45:00.000Z","GBPUSD",1.5124,1.5122,1.5126
"2015-05-05T01:45:00.000Z","AUDUSD",0.7842,0.7841,0.7844
"2015-05-05T01:45:00.000Z","USDJPY",120.165,120.165,120.18
"2015-05-05T01:47:00.000Z","EURUSD",1.1147,1.1145,1.1149
"2015-05-05T01:47:00.000Z","GBPUSD",1.5125,1.5123,1.5128
"2015-05-05T01:47:00.000Z","AUDUSD",0.7842,0.7839,0.7844
"2015-05-05T01:47:00.000Z","USDJPY",120.155,120.155,120.158
"2015-05-05T01:48:00.000Z","EURUSD",1.1146,1.1145,1.1146
"2015-05-05T01:48:00.000Z","EURUSD",1.1146,1.1145,1.1146
"2015-05-05T01:48:00.000Z","GBPUSD",1.5124,1.5123,1.5126
"2015-05-05T01:48:00.000Z","AUDUSD",0.7844,0.7842,0.7846
"2015-05-05T01:48:00.000Z","USDJPY",120.16,120.16,120.18
"2015-05-05T01:49:00.000Z","EURUSD",1.1147,1.1145,1.1148
"2015-05-05T01:49:00.000Z","GBPUSD",1.5122,1.512,1.5124
"2015-05-05T01:49:00.000Z","AUDUSD",0.7844,0.7843,0.7846
"2015-05-05T01:49:00.000Z","USDJPY",120.156,120.156,120.159
"2015-05-05T01:50:00.000Z","EURUSD",1.1146,1.1145,1.1146
"2015-05-05T01:50:00.000Z","EURUSD",1.1146,1.1145,1.1146
"2015-05-05T01:50:00.000Z","GBPUSD",1.5124,1.5124,1.5124
"2015-05-05T01:50:00.000Z","AUDUSD",0.7843,0.7843,0.7843
"2015-05-05T01:50:00.000Z","USDJPY",120.165,120.165,120.18
"2015-05-05T01:56:00.000Z","EURUSD",1.1142,1.1142,1.1142
"2015-05-05T01:56:00.000Z","EURUSD",1.1142,1.1142,1.1142
"2015-05-05T01:56:00.000Z","GBPUSD",1.5121,1.512,1.5121
"2015-05-05T01:56:00.000Z","AUDUSD",0.7842,0.7841,0.7844
"2015-05-05T01:56:00.000Z","USDJPY",120.166,120.166,120.17
"2015-05-05T01:57:00.000Z","EURUSD",1.1142,1.1142,1.1142
"2015-05-05T01:57:00.000Z","EURUSD",1.1142,1.1142,1.1142
"2015-05-05T01:57:00.000Z","AUDUSD",0.7842,0.7839,0.7844
"2015-05-05T01:57:00.000Z","USDJPY",120.185,120.185,120.2
"2015-05-05T01:58:00.000Z","EURUSD",1.1142,1.1141,1.1144
"2015-05-05T01:58:00.000Z","EURUSD",1.1142,1.1141,1.1144
"2015-05-05T01:58:00.000Z","GBPUSD",1.5123,1.512,1.5126
"2015-05-05T01:58:00.000Z","AUDUSD",0.7842,0.7842,0.7843
"2015-05-05T01:58:00.000Z","USDJPY",120.17,120.17,120.18
"2015-05-05T01:59:00.000Z","EURUSD",1.114,1.1138,1.1142
"2015-05-05T01:59:00.000Z","AUDUSD",0.7841,0.784,0.7842
"2015-05-05T01:59:00.000Z","USDJPY",120.189,120.189,120.193
"2015-05-05T02:04:00.000Z","EURUSD",1.1141,1.114,1.1142
"2015-05-05T02:04:00.000Z","EURUSD",1.1142,1.1141,1.1144
"2015-05-05T02:04:00.000Z","GBPUSD",1.5122,1.512,1.5124
"2015-05-05T02:04:00.000Z","AUDUSD",0.7841,0.7839,0.7842
"2015-05-05T02:04:00.000Z","USDJPY",120.186,120.186,120.189
"2015-05-05T02:05:00.000Z","EURUSD",1.1141,1.1139,1.1143
"2015-05-05T02:05:00.000Z","EURUSD",1.1141,1.1139,1.1143
"2015-05-05T02:05:00.000Z","GBPUSD",1.5122,1.5119,1.5124
"2015-05-05T02:05:00.000Z","AUDUSD",0.7841,0.784,0.7841
"2015-05-05T02:05:00.000Z","USDJPY",120.187,120.187,120.19
"2015-05-05T02:06:00.000Z","EURUSD",1.1141,1.114,1.1141
"2015-05-05T02:06:00.000Z","EURUSD",1.1141,1.114,1.1141
"2015-05-05T02:06:00.000Z","GBPUSD",1.5122,1.5121,1.5122
"2015-05-05T02:07:00.000Z","EURUSD",1.114,1.1138,1.1142
"2015-05-05T02:07:00.000Z","EURUSD",1.114,1.1138,1.1142
"2015-05-05T02:07:00.000Z","GBPUSD",1.5122,1.5122,1.5123
"2015-05-05T02:07:00.000Z","AUDUSD",0.7842,0.7842,0.7843
"2015-05-05T02:07:00.000Z","USDJPY",120.165,120.165,120.18
"2015-05-05T02:30:00.000Z","EURUSD",1.1141,1.114,1.1141
"2015-05-05T02:30:00.000Z","GBPUSD",1.5117,1.5116,1.5118
"2015-05-05T02:30:00.000Z","AUDUSD",0.7841,0.784,0.7842
"2015-05-05T02:30:00.000Z","USDJPY",120.173,120.173,120.177
"2015-05-05T02:30:00.000Z","EURUSD",1.114,1.1138,1.1142
"2015-05-05T02:30:00.000Z","EURUSD",1.114,1.1138,1.1142
"2015-05-05T02:30:00.000Z","GBPUSD",1.5118,1.5116,1.512
"2015-05-05T02:30:00.000Z","AUDUSD",0.7841,0.784,0.7842
"2015-05-05T02:30:00.000Z","USDJPY",120.165,120.165,120.18
"2015-05-05T02:32:00.000Z","EURUSD",1.1142,1.1141,1.1144
"2015-05-05T02:32:00.000Z","GBPUSD",1.512,1.5118,1.5122
"2015-05-05T02:32:00.000Z","USDJPY",120.172,120.172,120.175
"2015-05-05T02:33:00.000Z","EURUSD",1.1143,1.1142,1.1143
"2015-05-05T02:33:00.000Z","EURUSD",1.1143,1.1142,1.1143
"2015-05-05T02:33:00.000Z","GBPUSD",1.5121,1.512,1.5122
"2015-05-05T02:33:00.000Z","AUDUSD",0.7845,0.7843,0.7846
"2015-05-05T02:33:00.000Z","USDJPY",120.172,120.172,120.175
"2015-05-05T02:34:00.000Z","EURUSD",1.1144,1.1142,1.1146
"2015-05-05T02:34:00.000Z","EURUSD",1.1144,1.1142,1.1146
"2015-05-05T02:34:00.000Z","GBPUSD",1.5121,1.5118,1.5124
"2015-05-05T02:34:00.000Z","AUDUSD",0.7846,0.7844,0.7848
"2015-05-05T02:34:00.000Z","USDJPY",120.166,120.166,120.169
"2015-05-05T02:35:00.000Z","EURUSD",1.1143,1.1142,1.1143
"2015-05-05T02:35:00.000Z","EURUSD",1.1143,1.1142,1.1143
"2015-05-05T02:35:00.000Z","AUDUSD",0.7847,0.7845,0.7848
"2015-05-05T02:35:00.000Z","USDJPY",120.154,120.154,120.157
"2015-05-05T02:36:00.000Z","EURUSD",1.1142,1.1141,1.1142
"2015-05-05T02:36:00.000Z","EURUSD",1.1142,1.1141,1.1142
"2015-05-05T02:36:00.000Z","GBPUSD",1.5122,1.512,1.5124
"2015-05-05T02:36:00.000Z","AUDUSD",0.7846,0.7844,0.7848
"2015-05-05T02:36:00.000Z","USDJPY",120.165,120.165,120.18
"2015-05-05T02:37:00.000Z","EURUSD",1.1142,1.1141,1.1144
"2015-05-05T02:37:00.000Z","GBPUSD",1.512,1.5119,1.512
"2015-05-05T02:37:00.000Z","AUDUSD",0.7847,0.7846,0.7849
"2015-05-05T02:38:00.000Z","EURUSD",1.1142,1.1141,1.1144
"2015-05-05T02:38:00.000Z","EURUSD",1.1142,1.1141,1.1144
"2015-05-05T02:38:00.000Z","GBPUSD",1.512,1.5118,1.5122
"2015-05-05T02:38:00.000Z","AUDUSD",0.7846,0.7846,0.7847
"2015-05-05T02:38:00.000Z","USDJPY",120.165,120.165,120.18
"2015-05-05T02:39:00.000Z","EURUSD",1.1141,1.114,1.1142
"2015-05-05T02:39:00.000Z","EURUSD",1.1141,1.114,1.1142
"2015-05-05T02:39:00.000Z","GBPUSD",1.512,1.5118,1.5122
"2015-05-05T02:39:00.000Z","AUDUSD",0.7847,0.7846,0.7848
"2015-05-05T02:39:00.000Z","USDJPY",120.145,120.145,120.17
"2015-05-05T02:41:00.000Z","EURUSD",1.1142,1.1142,1.1143
"2015-05-05T02:41:00.000Z","AUDUSD",0.7847,0.7845,0.7849
"2015-05-05T02:41:00.000Z","USDJPY",120.165,120.165,120.18
"2015-05-05T02:42:00.000Z","EURUSD",1.1142,1.1141,1.1144
"2015-05-05T02:42:00.000Z","EURUSD",1.1142,1.1141,1.1144
"2015-05-05T02:42:00.000Z","GBPUSD",1.5124,1.5122,1.5126
"2015-05-05T02:42:00.000Z","AUDUSD",0.7848,0.7848,0.7849
"2015-05-05T02:42:00.000Z","USDJPY",120.154,120.154,120.157
"2015-05-05T02:43:00.000Z","EURUSD",1.1142,1.1141,1.1144
"2015-05-05T02:43:00.000Z","EURUSD",1.1142,1.1141,1.1144
"2015-05-05T02:43:00.000Z","GBPUSD",1.5124,1.5123,1.5125
"2015-05-05T02:43:00.000Z","AUDUSD",0.7848,0.7848,0.7848
"2015-05-05T02:43:00.000Z","USDJPY",120.153,120.153,120.157
"2015-05-05T02:44:00.000Z","EURUSD",1.1143,1.1143,1.1144
"2015-05-05T02:44:00.000Z","EURUSD",1.1143,1.1143,1.1143
"2015-05-05T02:44:00.000Z","GBPUSD",1.5124,1.5123,1.5125
"2015-05-05T02:44:00.000Z","AUDUSD",0.785,0.7849,0.785
"2015-05-05T02:44:00.000Z","USDJPY",120.16,120.16,120.18
"2015-05-05T02:45:00.000Z","EURUSD",1.1143,1.1143,1.1144
"2015-05-05T02:45:00.000Z","EURUSD",1.1143,1.1143,1.1144
"2015-05-05T02:45:00.000Z","GBPUSD",1.5122,1.5122,1.5123
"2015-05-05T02:45:00.000Z","AUDUSD",0.7852,0.7851,0.7854
"2015-05-05T02:45:00.000Z","USDJPY",120.165,120.165,120.18
"2015-05-05T02:46:00.000Z","EURUSD",1.1144,1.1142,1.1146
"2015-05-05T02:46:00.000Z","EURUSD",1.1144,1.1142,1.1146
"2015-05-05T02:46:00.000Z","GBPUSD",1.5123,1.5121,1.5126
"2015-05-05T02:46:00.000Z","AUDUSD",0.7852,0.785,0.7854
"2015-05-05T02:46:00.000Z","USDJPY",120.158,120.158,120.16
"2015-05-05T02:47:00.000Z","EURUSD",1.1142,1.1141,1.1142
"2015-05-05T02:47:00.000Z","EURUSD",1.1142,1.1141,1.1142
"2015-05-05T02:47:00.000Z","GBPUSD",1.5118,1.5116,1.512
"2015-05-05T02:47:00.000Z","AUDUSD",0.7849,0.7847,0.785
"2015-05-05T02:47:00.000Z","USDJPY",120.169,120.169,120.172
"2015-05-05T02:48:00.000Z","EURUSD",1.1142,1.1141,1.1142
"2015-05-05T02:48:00.000Z","EURUSD",1.1142,1.1141,1.1142
"2015-05-05T02:48:00.000Z","AUDUSD",0.7849,0.7847,0.785
"2015-05-05T02:48:00.000Z","USDJPY",120.13,120.13,120.18
"2015-05-05T02:49:00.000Z","EURUSD",1.1142,1.114,1.1144
"2015-05-05T02:49:00.000Z","EURUSD",1.1142,1.114,1.1144
"2015-05-05T02:49:00.000Z","GBPUSD",1.512,1.5119,1.512
"2015-05-05T02:49:00.000Z","AUDUSD",0.7847,0.7847,0.7848
"2015-05-05T02:49:00.000Z","USDJPY",120.16,120.16,120.18
"2015-05-05T02:50:00.000Z","EURUSD",1.1141,1.114,1.1142
"2015-05-05T02:50:00.000Z","EURUSD",1.1141,1.114,1.1142
"2015-05-05T02:50:00.000Z","GBPUSD",1.5122,1.5119,1.5124
"2015-05-05T02:50:00.000Z","AUDUSD",0.7849,0.7848,0.785
"2015-05-05T02:52:00.000Z","EURUSD",1.1141,1.1139,1.1142
"2015-05-05T02:52:00.000Z","EURUSD",1.1141,1.1139,1.1142
"2015-05-05T02:52:00.000Z","GBPUSD",1.512,1.5119,1.5121
"2015-05-05T02:52:00.000Z","AUDUSD",0.7849,0.7848,0.785
"2015-05-05T02:52:00.000Z","USDJPY",120.147,120.147,120.151
"2015-05-05T02:53:00.000Z","EURUSD",1.114,1.1138,1.1142
"2015-05-05T02:53:00.000Z","EURUSD",1.114,1.1138,1.1142
"2015-05-05T02:53:00.000Z","GBPUSD",1.5119,1.5118,1.512
"2015-05-05T02:53:00.000Z","AUDUSD",0.7851,0.785,0.7852
"2015-05-05T02:53:00.000Z","USDJPY",120.156,120.156,120.159
"2015-05-05T02:54:00.000Z","EURUSD",1.1141,1.1141,1.1141
"2015-05-05T02:54:00.000Z","EURUSD",1.1141,1.1141,1.1141
"2015-05-05T02:54:00.000Z","GBPUSD",1.5119,1.5118,1.512
"2015-05-05T02:54:00.000Z","AUDUSD",0.785,0.7847,0.7852
"2015-05-05T02:54:00.000Z","USDJPY",120.145,120.145,120.16
"2015-05-05T02:59:00.000Z","EURUSD",1.114,1.114,1.114
"2015-05-05T02:59:00.000Z","EURUSD",1.114,1.114,1.114
"2015-05-05T02:59:00.000Z","GBPUSD",1.5119,1.5118,1.5119
"2015-05-05T02:59:00.000Z","AUDUSD",0.785,0.7849,0.785
"2015-05-05T02:59:00.000Z","USDJPY",120.171,120.171,120.174
"2015-05-05T03:00:00.000Z","EURUSD",1.1139,1.1139,1.114
"2015-05-05T03:00:00.000Z","EURUSD",1.1139,1.1139,1.114
"2015-05-05T03:00:00.000Z","GBPUSD",1.5119,1.5119,1.512
"2015-05-05T03:00:00.000Z","AUDUSD",0.785,0.785,0.7851
"2015-05-05T03:00:00.000Z","USDJPY",120.165,120.165,120.18
"2015-05-05T03:01:00.000Z","EURUSD",1.1138,1.1138,1.1139
"2015-05-05T03:01:00.000Z","EURUSD",1.1138,1.1138,1.1139
"2015-05-05T03:01:00.000Z","GBPUSD",1.512,1.5117,1.5122
"2015-05-05T03:01:00.000Z","AUDUSD",0.7851,0.7849,0.7854
"2015-05-05T03:01:00.000Z","USDJPY",120.186,120.186,120.188
"2015-05-05T03:02:00.000Z","EURUSD",1.114,1.1139,1.114
"2015-05-05T03:02:00.000Z","EURUSD",1.114,1.1139,1.114
"2015-05-05T03:02:00.000Z","GBPUSD",1.5119,1.5118,1.512
"2015-05-05T03:02:00.000Z","AUDUSD",0.785,0.7848,0.7852
"2015-05-05T03:05:00.000Z","EURUSD",1.1139,1.1138,1.114
"2015-05-05T03:05:00.000Z","EURUSD",1.1139,1.1138,1.114
"2015-05-05T03:05:00.000Z","GBPUSD",1.512,1.5117,1.5122
"2015-05-05T03:05:00.000Z","USDJPY",120.155,120.155,120.157
"2015-05-05T03:06:00.000Z","EURUSD",1.114,1.1139,1.114
"2015-05-05T03:06:00.000Z","EURUSD",1.114,1.1139,1.114
"2015-05-05T03:06:00.000Z","GBPUSD",1.512,1.512,1.5121
"2015-05-05T03:06:00.000Z","AUDUSD",0.7857,0.7857,0.7857
"2015-05-05T03:06:00.000Z","USDJPY",120.15,120.15,120.16
"2015-05-05T03:07:00.000Z","EURUSD",1.114,1.1137,1.1142
"2015-05-05T03:07:00.000Z","GBPUSD",1.5119,1.5118,1.5119
"2015-05-05T03:07:00.000Z","AUDUSD",0.7856,0.7856,0.7856
"2015-05-05T03:07:00.000Z","USDJPY",120.155,120.155,120.158
"2015-05-05T03:09:00.000Z","EURUSD",1.114,1.1138,1.1142
"2015-05-05T03:09:00.000Z","EURUSD",1.114,1.1138,1.1142
"2015-05-05T03:09:00.000Z","GBPUSD",1.5119,1.5118,1.5119
"2015-05-05T03:09:00.000Z","AUDUSD",0.7856,0.7854,0.7858
"2015-05-05T03:09:00.000Z","USDJPY",120.155,120.155,120.158
"2015-05-05T03:23:00.000Z","EURUSD",1.1138,1.1137,1.1138
"2015-05-05T03:23:00.000Z","GBPUSD",1.512,1.5118,1.5122
"2015-05-05T03:23:00.000Z","AUDUSD",0.785,0.785,0.785
"2015-05-05T03:23:00.000Z","USDJPY",120.141,120.141,120.144
"2015-05-05T03:25:00.000Z","EURUSD",1.1137,1.1136,1.1138
"2015-05-05T03:25:00.000Z","EURUSD",1.1137,1.1136,1.1138
"2015-05-05T03:25:00.000Z","GBPUSD",1.5117,1.5115,1.512
"2015-05-05T03:25:00.000Z","AUDUSD",0.7848,0.7846,0.785
"2015-05-05T03:25:00.000Z","USDJPY",120.142,120.142,120.145
"2015-05-05T03:26:00.000Z","EURUSD",1.1137,1.1136,1.1137
"2015-05-05T03:26:00.000Z","EURUSD",1.1137,1.1136,1.1137
"2015-05-05T03:26:00.000Z","GBPUSD",1.5117,1.5117,1.5118
"2015-05-05T03:26:00.000Z","AUDUSD",0.7847,0.7845,0.7848
"2015-05-05T03:26:00.000Z","USDJPY",120.156,120.156,120.158
"2015-05-05T03:27:00.000Z","EURUSD",1.1135,1.1135,1.1135
"2015-05-05T03:27:00.000Z","EURUSD",1.1135,1.1135,1.1135
"2015-05-05T03:27:00.000Z","GBPUSD",1.5116,1.5115,1.5117
"2015-05-05T03:27:00.000Z","AUDUSD",0.7843,0.7842,0.7843
"2015-05-05T03:27:00.000Z","USDJPY",120.16,120.16,120.164
"2015-05-05T03:27:00.000Z","EURUSD",1.1135,1.1135,1.1135
"2015-05-05T03:27:00.000Z","EURUSD",1.1135,1.1135,1.1135
"2015-05-05T03:27:00.000Z","GBPUSD",1.5116,1.5114,1.5118
"2015-05-05T03:27:00.000Z","AUDUSD",0.7843,0.7842,0.7843
"2015-05-05T03:27:00.000Z","USDJPY",120.145,120.145,120.17
"2015-05-05T03:28:00.000Z","EURUSD",1.1136,1.1135,1.1136
"2015-05-05T03:28:00.000Z","EURUSD",1.1136,1.1135,1.1136
"2015-05-05T03:28:00.000Z","GBPUSD",1.5117,1.5116,1.5117
"2015-05-05T03:28:00.000Z","AUDUSD",0.7846,0.7845,0.7846
"2015-05-05T03:28:00.000Z","USDJPY",120.16,120.16,120.164
"2015-05-05T03:29:00.000Z","EURUSD",1.1135,1.1133,1.1136
"2015-05-05T03:29:00.000Z","EURUSD",1.1135,1.1133,1.1136
"2015-05-05T03:29:00.000Z","GBPUSD",1.5116,1.5116,1.5117
"2015-05-05T03:29:00.000Z","AUDUSD",0.7846,0.7845,0.7846
"2015-05-05T03:30:00.000Z","EURUSD",1.1136,1.1135,1.1136
"2015-05-05T03:30:00.000Z","EURUSD",1.1136,1.1135,1.1136
"2015-05-05T03:30:00.000Z","GBPUSD",1.5117,1.5116,1.5117
"2015-05-05T03:30:00.000Z","AUDUSD",0.7847,0.7847,0.7848
"2015-05-05T03:30:00.000Z","USDJPY",120.12,120.12,120.16
"2015-05-12T00:46:00.000Z","EURUSD",1.1149,1.1147,1.115
"2015-05-12T00:46:00.000Z","EURUSD",1.1149,1.1147,1.115
"2015-05-12T00:46:00.000Z","GBPUSD",1.5575,1.5574,1.5576
"2015-05-12T00:46:00.000Z","AUDUSD",0.7901,0.79,0.7902
"2015-05-12T00:46:00.000Z","USDJPY",120.088,120.088,120.091
"2015-05-12T00:47:00.000Z","EURUSD",1.1149,1.1147,1.1151
"2015-05-12T00:47:00.000Z","EURUSD",1.1149,1.1147,1.1151
"2015-05-12T00:47:00.000Z","GBPUSD",1.5575,1.5573,1.5577
"2015-05-12T00:47:00.000Z","AUDUSD",0.79,0.79,0.7901
"2015-05-12T00:47:00.000Z","USDJPY",120.101,120.101,120.104
"2015-05-12T01:00:00.000Z","EURUSD",1.114,1.114,1.114
"2015-05-12T01:00:00.000Z","EURUSD",1.114,1.114,1.114
"2015-05-12T01:00:00.000Z","GBPUSD",1.5568,1.5567,1.5568
"2015-05-12T01:00:00.000Z","AUDUSD",0.7891,0.7889,0.7892
"2015-05-12T01:00:00.000Z","USDJPY",120.127,120.127,120.13
"2015-05-12T01:01:00.000Z","EURUSD",1.114,1.114,1.114
"2015-05-12T01:01:00.000Z","EURUSD",1.114,1.114,1.114
"2015-05-12T01:01:00.000Z","GBPUSD",1.5568,1.5567,1.5568
"2015-05-12T01:01:00.000Z","AUDUSD",0.7889,0.7889,0.7889
"2015-05-12T01:01:00.000Z","USDJPY",120.134,120.134,120.137
"2015-05-12T01:02:00.000Z","EURUSD",1.114,1.1137,1.1142
"2015-05-12T01:02:00.000Z","EURUSD",1.114,1.1137,1.1142
"2015-05-12T01:02:00.000Z","GBPUSD",1.5568,1.5565,1.557
"2015-05-12T01:02:00.000Z","AUDUSD",0.7888,0.7886,0.789
"2015-05-12T01:02:00.000Z","USDJPY",120.125,120.125,120.14
"2015-05-12T01:03:00.000Z","EURUSD",1.1141,1.1139,1.1142
"2015-05-12T01:03:00.000Z","EURUSD",1.1141,1.1139,1.1142
"2015-05-12T01:03:00.000Z","GBPUSD",1.5566,1.5564,1.5568
"2015-05-12T01:03:00.000Z","AUDUSD",0.789,0.7888,0.7892
"2015-05-12T01:03:00.000Z","USDJPY",120.125,120.125,120.14
"2015-05-12T01:04:00.000Z","EURUSD",1.1141,1.1139,1.1142
"2015-05-12T01:04:00.000Z","EURUSD",1.1141,1.1139,1.1142
"2015-05-12T01:04:00.000Z","GBPUSD",1.5565,1.5565,1.5566
"2015-05-12T01:04:00.000Z","AUDUSD",0.7889,0.7888,0.789
"2015-05-12T01:04:00.000Z","USDJPY",120.126,120.126,120.129
"2015-05-12T01:05:00.000Z","EURUSD",1.1139,1.1138,1.114
"2015-05-12T01:05:00.000Z","EURUSD",1.1139,1.1138,1.114
"2015-05-12T01:05:00.000Z","GBPUSD",1.5565,1.5562,1.5568
"2015-05-12T01:05:00.000Z","AUDUSD",0.789,0.7888,0.7892
"2015-05-12T01:05:00.000Z","USDJPY",120.119,120.119,120.122
"2015-05-12T01:06:00.000Z","EURUSD",1.1143,1.1142,1.1143
"2015-05-12T01:06:00.000Z","EURUSD",1.1143,1.1142,1.1143
"2015-05-12T01:06:00.000Z","GBPUSD",1.5569,1.5569,1.557
"2015-05-12T01:06:00.000Z","AUDUSD",0.7893,0.7891,0.7894
"2015-05-12T01:06:00.000Z","USDJPY",120.093,120.093,120.096
"2015-05-12T01:07:00.000Z","EURUSD",1.1144,1.1143,1.1144
"2015-05-12T01:07:00.000Z","EURUSD",1.1144,1.1143,1.1144
"2015-05-12T01:07:00.000Z","GBPUSD",1.5571,1.5571,1.5572
"2015-05-12T01:07:00.000Z","AUDUSD",0.7892,0.7891,0.7893
"2015-05-12T01:07:00.000Z","USDJPY",120.077,120.077,120.08
"2015-05-12T01:08:00.000Z","EURUSD",1.1143,1.1142,1.1144
"2015-05-12T01:08:00.000Z","EURUSD",1.1143,1.1142,1.1144
"2015-05-12T01:08:00.000Z","GBPUSD",1.5572,1.5571,1.5572
"2015-05-12T01:08:00.000Z","AUDUSD",0.7893,0.7891,0.7894
"2015-05-12T01:08:00.000Z","USDJPY",120.073,120.073,120.075
"2015-05-12T01:09:00.000Z","EURUSD",1.1145,1.1144,1.1145
"2015-05-12T01:09:00.000Z","EURUSD",1.1145,1.1144,1.1145
"2015-05-12T01:09:00.000Z","GBPUSD",1.5572,1.5572,1.5573
"2015-05-12T01:09:00.000Z","AUDUSD",0.7892,0.7891,0.7892
"2015-05-12T01:09:00.000Z","USDJPY",120.066,120.066,120.068
"2015-05-12T01:09:00.000Z","EURUSD",1.1145,1.1143,1.1148
"2015-05-12T01:09:00.000Z","EURUSD",1.1145,1.1143,1.1148
"2015-05-12T01:09:00.000Z","GBPUSD",1.5573,1.5572,1.5573
"2015-05-12T01:09:00.000Z","AUDUSD",0.7891,0.7889,0.7892
"2015-05-12T01:09:00.000Z","USDJPY",120.073,120.073,120.076
"2015-05-12T01:10:00.000Z","EURUSD",1.1144,1.1143,1.1146
"2015-05-12T01:10:00.000Z","EURUSD",1.1144,1.1143,1.1146
"2015-05-12T01:10:00.000Z","GBPUSD",1.5572,1.5571,1.5572
"2015-05-12T01:10:00.000Z","AUDUSD",0.7893,0.7891,0.7894
"2015-05-12T01:10:00.000Z","USDJPY",120.086,120.086,120.088
"2015-05-12T01:12:00.000Z","EURUSD",1.1145,1.1144,1.1145
"2015-05-12T01:12:00.000Z","EURUSD",1.1145,1.1144,1.1145
"2015-05-12T01:12:00.000Z","GBPUSD",1.5574,1.5571,1.5576
"2015-05-12T01:12:00.000Z","AUDUSD",0.7893,0.7891,0.7894
"2015-05-12T01:12:00.000Z","USDJPY",120.085,120.085,120.1
"2015-05-12T01:17:00.000Z","EURUSD",1.1143,1.1142,1.1143
"2015-05-12T01:17:00.000Z","EURUSD",1.1143,1.1142,1.1143
"2015-05-12T01:17:00.000Z","GBPUSD",1.5571,1.557,1.5571
"2015-05-12T01:17:00.000Z","AUDUSD",0.7893,0.7891,0.7894
"2015-05-12T01:17:00.000Z","USDJPY",120.104,120.104,120.107
"2015-05-12T01:18:00.000Z","EURUSD",1.1142,1.1141,1.1144
"2015-05-12T01:18:00.000Z","EURUSD",1.1142,1.1141,1.1144
"2015-05-12T01:18:00.000Z","GBPUSD",1.557,1.557,1.5571
"2015-05-12T01:18:00.000Z","AUDUSD",0.7895,0.7894,0.7895
"2015-05-12T01:18:00.000Z","USDJPY",120.105,120.105,120.12
"2015-05-12T01:19:00.000Z","EURUSD",1.1143,1.1142,1.1144
"2015-05-12T01:19:00.000Z","EURUSD",1.1143,1.1142,1.1144
"2015-05-12T01:19:00.000Z","GBPUSD",1.5572,1.5569,1.5574
"2015-05-12T01:19:00.000Z","AUDUSD",0.7896,0.7894,0.7898
"2015-05-12T01:19:00.000Z","USDJPY",120.108,120.108,120.111
"2015-05-12T01:20:00.000Z","EURUSD",1.1142,1.1141,1.1144
"2015-05-12T01:20:00.000Z","EURUSD",1.1142,1.1141,1.1144
"2015-05-12T01:20:00.000Z","GBPUSD",1.5572,1.5569,1.5574
"2015-05-12T01:20:00.000Z","AUDUSD",0.7894,0.7892,0.7896
"2015-05-12T01:20:00.000Z","USDJPY",120.11,120.11,120.113
"2015-05-12T01:21:00.000Z","EURUSD",1.1138,1.1138,1.1139
"2015-05-12T01:21:00.000Z","EURUSD",1.1138,1.1138,1.1139
"2015-05-12T01:21:00.000Z","GBPUSD",1.5567,1.5566,1.5568
"2015-05-12T01:21:00.000Z","AUDUSD",0.7889,0.7887,0.789
"2015-05-12T01:21:00.000Z","USDJPY",120.11,120.11,120.114
"2015-05-12T01:22:00.000Z","EURUSD",1.1138,1.1138,1.1139
"2015-05-12T01:22:00.000Z","EURUSD",1.1138,1.1138,1.1139
"2015-05-12T01:22:00.000Z","GBPUSD",1.5568,1.5568,1.5569
"2015-05-12T01:22:00.000Z","AUDUSD",0.7889,0.7887,0.789
"2015-05-12T01:22:00.000Z","USDJPY",120.121,120.121,120.123
"2015-05-12T01:23:00.000Z","EURUSD",1.1138,1.1137,1.1138
"2015-05-12T01:23:00.000Z","EURUSD",1.1138,1.1137,1.1138
"2015-05-12T01:23:00.000Z","GBPUSD",1.5569,1.5569,1.557
"2015-05-12T01:23:00.000Z","AUDUSD",0.789,0.789,0.7891
"2015-05-12T01:23:00.000Z","USDJPY",120.123,120.123,120.126
"2015-05-12T01:24:00.000Z","EURUSD",1.1137,1.1136,1.1137
"2015-05-12T01:24:00.000Z","EURUSD",1.1137,1.1136,1.1137
"2015-05-12T01:24:00.000Z","GBPUSD",1.5569,1.5568,1.557
"2015-05-12T01:24:00.000Z","AUDUSD",0.7889,0.7886,0.789
"2015-05-12T01:24:00.000Z","USDJPY",120.13,120.13,120.14
"2015-05-12T01:26:00.000Z","EURUSD",1.1139,1.1137,1.1141
"2015-05-12T01:26:00.000Z","EURUSD",1.1139,1.1137,1.1141
"2015-05-12T01:26:00.000Z","GBPUSD",1.5571,1.557,1.5572
"2015-05-12T01:26:00.000Z","AUDUSD",0.7889,0.7887,0.789
"2015-05-12T01:26:00.000Z","USDJPY",120.133,120.133,120.137
"2015-05-12T01:27:00.000Z","EURUSD",1.1139,1.1138,1.1139
"2015-05-12T01:27:00.000Z","EURUSD",1.1139,1.1138,1.1139
"2015-05-12T01:27:00.000Z","GBPUSD",1.5571,1.557,1.5572
"2015-05-12T01:27:00.000Z","AUDUSD",0.789,0.789,0.789
"2015-05-12T01:27:00.000Z","USDJPY",120.135,120.135,120.14
"2015-05-12T01:28:00.000Z","EURUSD",1.1139,1.1138,1.1139
"2015-05-12T01:28:00.000Z","EURUSD",1.1139,1.1138,1.1139
"2015-05-12T01:28:00.000Z","GBPUSD",1.557,1.5569,1.5572
"2015-05-12T01:28:00.000Z","AUDUSD",0.7891,0.7889,0.7892
"2015-05-12T01:28:00.000Z","USDJPY",120.127,120.127,120.13
"2015-05-12T01:29:00.000Z","EURUSD",1.114,1.1138,1.1142
"2015-05-12T01:29:00.000Z","EURUSD",1.114,1.1138,1.1142
"2015-05-12T01:29:00.000Z","GBPUSD",1.5572,1.5571,1.5572
"2015-05-12T01:29:00.000Z","AUDUSD",0.7892,0.7891,0.7894
"2015-05-12T01:29:00.000Z","USDJPY",120.14,120.14,120.16
"2015-05-12T01:30:00.000Z","EURUSD",1.1138,1.1137,1.114
"2015-05-12T01:30:00.000Z","EURUSD",1.1138,1.1137,1.114
"2015-05-12T01:30:00.000Z","GBPUSD",1.5572,1.557,1.5574
"2015-05-12T01:30:00.000Z","AUDUSD",0.7892,0.7891,0.7894
"2015-05-12T01:30:00.000Z","USDJPY",120.133,120.133,120.137
"2015-05-12T01:32:00.000Z","EURUSD",1.1138,1.1137,1.114
"2015-05-12T01:32:00.000Z","EURUSD",1.1138,1.1137,1.114
"2015-05-12T01:32:00.000Z","GBPUSD",1.5572,1.5571,1.5572
"2015-05-12T01:32:00.000Z","AUDUSD",0.7897,0.7897,0.7898
"2015-05-12T01:32:00.000Z","USDJPY",120.151,120.151,120.154
"2015-05-12T01:33:00.000Z","EURUSD",1.1139,1.1139,1.1139
"2015-05-12T01:33:00.000Z","EURUSD",1.1139,1.1139,1.1139
"2015-05-12T01:33:00.000Z","GBPUSD",1.5571,1.5571,1.5572
"2015-05-12T01:33:00.000Z","AUDUSD",0.7896,0.7895,0.7898
"2015-05-12T01:33:00.000Z","USDJPY",120.162,120.162,120.165
"2015-05-12T01:34:00.000Z","EURUSD",1.114,1.114,1.114
"2015-05-12T01:34:00.000Z","EURUSD",1.114,1.114,1.114
"2015-05-12T01:34:00.000Z","GBPUSD",1.557,1.557,1.5571
"2015-05-12T01:34:00.000Z","AUDUSD",0.7897,0.7895,0.7898
"2015-05-12T01:34:00.000Z","USDJPY",120.158,120.158,120.16
"2015-05-12T01:35:00.000Z","EURUSD",1.114,1.1138,1.1142
"2015-05-12T01:35:00.000Z","EURUSD",1.114,1.1138,1.1142
"2015-05-12T01:35:00.000Z","GBPUSD",1.5568,1.5566,1.557
"2015-05-12T01:35:00.000Z","AUDUSD",0.7898,0.7897,0.7898
"2015-05-12T01:35:00.000Z","USDJPY",120.159,120.159,120.162
"2015-05-12T01:36:00.000Z","EURUSD",1.1138,1.1137,1.1138
"2015-05-12T01:36:00.000Z","EURUSD",1.1138,1.1137,1.1138
"2015-05-12T01:36:00.000Z","GBPUSD",1.5569,1.5567,1.5572
"2015-05-12T01:36:00.000Z","AUDUSD",0.7897,0.7894,0.79
"2015-05-12T01:36:00.000Z","USDJPY",120.161,120.161,120.164
"2015-05-12T01:37:00.000Z","EURUSD",1.1138,1.1137,1.114
"2015-05-12T01:37:00.000Z","EURUSD",1.1138,1.1137,1.114
"2015-05-12T01:37:00.000Z","GBPUSD",1.5568,1.5568,1.5569
"2015-05-12T01:37:00.000Z","AUDUSD",0.7898,0.7897,0.79
"2015-05-12T01:37:00.000Z","USDJPY",120.18,120.18,120.2
"2015-05-12T01:38:00.000Z","EURUSD",1.114,1.1139,1.114
"2015-05-12T01:38:00.000Z","EURUSD",1.114,1.1139,1.114
"2015-05-12T01:38:00.000Z","GBPUSD",1.5571,1.5568,1.5574
"2015-05-12T01:38:00.000Z","AUDUSD",0.79,0.7898,0.7902
"2015-05-12T01:38:00.000Z","USDJPY",120.145,120.145,120.16
"2015-05-12T01:41:00.000Z","EURUSD",1.114,1.1139,1.114
"2015-05-12T01:41:00.000Z","EURUSD",1.114,1.1139,1.114
"2015-05-12T01:41:00.000Z","GBPUSD",1.557,1.5569,1.5572
"2015-05-12T01:41:00.000Z","AUDUSD",0.7899,0.7897,0.79
"2015-05-12T01:41:00.000Z","USDJPY",120.16,120.16,120.18
"2015-05-12T01:42:00.000Z","EURUSD",1.1141,1.1139,1.1142
"2015-05-12T01:42:00.000Z","EURUSD",1.1141,1.1139,1.1142
"2015-05-12T01:42:00.000Z","GBPUSD",1.5571,1.557,1.5571
"2015-05-12T01:42:00.000Z","AUDUSD",0.79,0.7899,0.79
"2015-05-12T01:42:00.000Z","USDJPY",120.154,120.154,120.157
"2015-05-12T01:43:00.000Z","EURUSD",1.114,1.1139,1.114
"2015-05-12T01:43:00.000Z","EURUSD",1.114,1.1139,1.114
"2015-05-12T01:43:00.000Z","GBPUSD",1.557,1.5569,1.5571
"2015-05-12T01:43:00.000Z","AUDUSD",0.79,0.7899,0.79
"2015-05-12T01:43:00.000Z","USDJPY",120.148,120.148,120.151
"2015-05-12T01:44:00.000Z","EURUSD",1.1141,1.114,1.1141
"2015-05-12T01:44:00.000Z","EURUSD",1.1141,1.114,1.1141
"2015-05-12T01:44:00.000Z","GBPUSD",1.557,1.5568,1.5572
"2015-05-12T01:44:00.000Z","AUDUSD",0.7902,0.7902,0.7903
"2015-05-12T01:44:00.000Z","USDJPY",120.145,120.145,120.16
"2015-05-12T01:46:00.000Z","EURUSD",1.1142,1.1141,1.1144
"2015-05-12T01:46:00.000Z","EURUSD",1.1142,1.1141,1.1144
"2015-05-12T01:46:00.000Z","GBPUSD",1.5569,1.5569,1.557
"2015-05-12T01:46:00.000Z","AUDUSD",0.7902,0.7901,0.7904
"2015-05-12T01:46:00.000Z","USDJPY",120.16,120.16,120.18
"2015-05-12T01:47:00.000Z","EURUSD",1.1142,1.1141,1.1144
"2015-05-12T01:47:00.000Z","EURUSD",1.1142,1.1141,1.1144
"2015-05-12T01:47:00.000Z","GBPUSD",1.5568,1.5567,1.557
"2015-05-12T01:47:00.000Z","AUDUSD",0.7905,0.7903,0.7906
"2015-05-12T01:47:00.000Z","USDJPY",120.15,120.15,120.16
"2015-05-12T01:48:00.000Z","EURUSD",1.1141,1.1141,1.1141
"2015-05-12T01:48:00.000Z","EURUSD",1.1141,1.1141,1.1141
"2015-05-12T01:48:00.000Z","GBPUSD",1.5568,1.5568,1.5569
"2015-05-12T01:48:00.000Z","AUDUSD",0.7903,0.7903,0.7903
"2015-05-12T01:48:00.000Z","USDJPY",120.158,120.158,120.16
"2015-05-12T01:49:00.000Z","EURUSD",1.1141,1.1139,1.1142
"2015-05-12T01:49:00.000Z","EURUSD",1.1141,1.1139,1.1142
"2015-05-12T01:49:00.000Z","GBPUSD",1.5568,1.5567,1.5568
"2015-05-12T01:49:00.000Z","AUDUSD",0.7902,0.7902,0.7903
"2015-05-12T01:49:00.000Z","USDJPY",120.155,120.155,120.16
"2015-05-12T01:50:00.000Z","EURUSD",1.1141,1.1139,1.1142
"2015-05-12T01:50:00.000Z","EURUSD",1.1141,1.1139,1.1142
"2015-05-12T01:50:00.000Z","GBPUSD",1.5566,1.5566,1.5567
"2015-05-12T01:50:00.000Z","AUDUSD",0.79,0.7899,0.7902
"2015-05-12T01:50:00.000Z","USDJPY",120.178,120.178,120.181
"2015-05-12T01:51:00.000Z","EURUSD",1.1141,1.114,1.1141
"2015-05-12T01:51:00.000Z","EURUSD",1.1141,1.114,1.1141
"2015-05-12T01:51:00.000Z","GBPUSD",1.5567,1.5567,1.5568
"2015-05-12T01:51:00.000Z","AUDUSD",0.7903,0.7901,0.7904
"2015-05-12T01:51:00.000Z","USDJPY",120.172,120.172,120.175
"2015-05-12T01:52:00.000Z","EURUSD",1.1142,1.1139,1.1144
"2015-05-12T01:52:00.000Z","EURUSD",1.1142,1.1139,1.1144
"2015-05-12T01:52:00.000Z","GBPUSD",1.5567,1.5567,1.5568
"2015-05-12T01:52:00.000Z","AUDUSD",0.7903,0.7903,0.7904
"2015-05-12T01:52:00.000Z","USDJPY",120.17,120.17,120.18
"2015-05-12T01:53:00.000Z","EURUSD",1.1142,1.114,1.1144
"2015-05-12T01:53:00.000Z","EURUSD",1.1142,1.114,1.1144
"2015-05-12T01:53:00.000Z","GBPUSD",1.5568,1.5567,1.5568
"2015-05-12T01:53:00.000Z","AUDUSD",0.7903,0.7901,0.7904
"2015-05-12T01:53:00.000Z","USDJPY",120.166,120.166,120.17
"2015-05-12T01:54:00.000Z","EURUSD",1.1142,1.1141,1.1142
"2015-05-12T01:54:00.000Z","EURUSD",1.1142,1.1141,1.1142
"2015-05-12T01:54:00.000Z","GBPUSD",1.5568,1.5568,1.5569
"2015-05-12T01:54:00.000Z","AUDUSD",0.7904,0.7903,0.7906
"2015-05-12T01:54:00.000Z","USDJPY",120.174,120.174,120.176
"2015-05-12T01:55:00.000Z","EURUSD",1.1143,1.1142,1.1143
"2015-05-12T01:55:00.000Z","EURUSD",1.1143,1.1142,1.1143
"2015-05-12T01:55:00.000Z","GBPUSD",1.5568,1.5566,1.557
"2015-05-12T01:55:00.000Z","AUDUSD",0.7906,0.7904,0.7908
"2015-05-12T01:55:00.000Z","USDJPY",120.177,120.177,120.179
"2015-05-12T01:56:00.000Z","EURUSD",1.1146,1.1145,1.1146
"2015-05-12T01:56:00.000Z","EURUSD",1.1146,1.1145,1.1146
"2015-05-12T01:56:00.000Z","GBPUSD",1.5571,1.557,1.5571
"2015-05-12T01:56:00.000Z","AUDUSD",0.7908,0.7908,0.7908
"2015-05-12T01:56:00.000Z","USDJPY",120.167,120.167,120.169
"2015-05-12T01:57:00.000Z","EURUSD",1.1145,1.1144,1.1145
"2015-05-12T01:57:00.000Z","EURUSD",1.1145,1.1144,1.1145
"2015-05-12T01:57:00.000Z","GBPUSD",1.5571,1.557,1.5572
"2015-05-12T01:57:00.000Z","AUDUSD",0.7907,0.7905,0.7908
"2015-05-12T01:57:00.000Z","USDJPY",120.171,120.171,120.174
"2015-05-12T01:59:00.000Z","EURUSD",1.1147,1.1147,1.1147
"2015-05-12T01:59:00.000Z","EURUSD",1.1147,1.1147,1.1147
"2015-05-12T01:59:00.000Z","GBPUSD",1.5571,1.5569,1.5573
"2015-05-12T01:59:00.000Z","AUDUSD",0.7907,0.7907,0.7907
"2015-05-12T01:59:00.000Z","USDJPY",120.162,120.162,120.165
"2015-05-12T02:00:00.000Z","EURUSD",1.1147,1.1145,1.1148
"2015-05-12T02:00:00.000Z","EURUSD",1.1147,1.1145,1.1148
"2015-05-12T02:00:00.000Z","GBPUSD",1.5572,1.5571,1.5573
"2015-05-12T02:00:00.000Z","AUDUSD",0.7909,0.7908,0.791
"2015-05-12T02:00:00.000Z","USDJPY",120.175,120.175,120.178
"2015-05-12T02:01:00.000Z","EURUSD",1.1148,1.1146,1.115
"2015-05-12T02:01:00.000Z","EURUSD",1.1148,1.1146,1.115
"2015-05-12T02:01:00.000Z","GBPUSD",1.5572,1.557,1.5574
"2015-05-12T02:01:00.000Z","AUDUSD",0.7908,0.7907,0.791
"2015-05-12T02:01:00.000Z","USDJPY",120.163,120.163,120.167
"2015-05-12T02:02:00.000Z","EURUSD",1.1147,1.1146,1.1147
"2015-05-12T02:02:00.000Z","EURUSD",1.1147,1.1146,1.1147
"2015-05-12T02:02:00.000Z","GBPUSD",1.5572,1.557,1.5574
"2015-05-12T02:02:00.000Z","AUDUSD",0.7908,0.7906,0.791
"2015-05-12T02:02:00.000Z","USDJPY",120.158,120.158,120.161
"2015-05-12T02:08:00.000Z","EURUSD",1.1148,1.1147,1.1148
"2015-05-12T02:08:00.000Z","EURUSD",1.1148,1.1147,1.1148
"2015-05-12T02:08:00.000Z","GBPUSD",1.5572,1.5572,1.5573
"2015-05-12T02:08:00.000Z","AUDUSD",0.7909,0.7908,0.791
"2015-05-12T02:08:00.000Z","USDJPY",120.16,120.16,120.18
"2015-05-12T02:09:00.000Z","EURUSD",1.1148,1.1147,1.1148
"2015-05-12T02:09:00.000Z","EURUSD",1.1148,1.1147,1.1148
"2015-05-12T02:09:00.000Z","GBPUSD",1.5574,1.5572,1.5576
"2015-05-12T02:09:00.000Z","AUDUSD",0.791,0.7908,0.7912
"2015-05-12T02:09:00.000Z","USDJPY",120.175,120.175,120.178
"2015-05-12T02:10:00.000Z","EURUSD",1.1149,1.1147,1.115
"2015-05-12T02:10:00.000Z","EURUSD",1.1149,1.1147,1.115
"2015-05-12T02:10:00.000Z","GBPUSD",1.5573,1.5571,1.5574
"2015-05-12T02:10:00.000Z","AUDUSD",0.791,0.7908,0.7912
"2015-05-12T02:10:00.000Z","USDJPY",120.175,120.175,120.178
"2015-05-12T02:11:00.000Z","EURUSD",1.1147,1.1146,1.1148
"2015-05-12T02:11:00.000Z","EURUSD",1.1147,1.1146,1.1148
"2015-05-12T02:11:00.000Z","GBPUSD",1.557,1.557,1.5571
"2015-05-12T02:11:00.000Z","AUDUSD",0.7908,0.7908,0.7908
"2015-05-12T02:11:00.000Z","USDJPY",120.155,120.155,120.18
"2015-05-12T02:13:00.000Z","EURUSD",1.1149,1.1147,1.115
"2015-05-12T02:13:00.000Z","EURUSD",1.1149,1.1147,1.115
"2015-05-12T02:13:00.000Z","GBPUSD",1.557,1.557,1.5571
"2015-05-12T02:13:00.000Z","AUDUSD",0.7909,0.7908,0.791
"2015-05-12T02:13:00.000Z","USDJPY",120.17,120.17,120.172
"2015-05-12T02:20:00.000Z","EURUSD",1.1148,1.1146,1.115
"2015-05-12T02:20:00.000Z","EURUSD",1.1147,1.1147,1.1148
"2015-05-12T02:20:00.000Z","GBPUSD",1.5572,1.5571,1.5573
"2015-05-12T02:20:00.000Z","AUDUSD",0.7911,0.7909,0.7912
"2015-05-12T02:20:00.000Z","USDJPY",120.171,120.171,120.174
"2015-05-14T01:10:00.000Z","EURUSD",1.1352,1.1351,1.1352
"2015-05-14T01:10:00.000Z","EURUSD",1.1352,1.1351,1.1352
"2015-05-14T01:10:00.000Z","GBPUSD",1.5738,1.5735,1.574
"2015-05-14T01:10:00.000Z","AUDUSD",0.8127,0.8127,0.8127
"2015-05-14T01:10:00.000Z","USDJPY",119.225,119.225,119.24
"2015-05-14T01:12:00.000Z","EURUSD",1.1354,1.1354,1.1355
"2015-05-14T01:12:00.000Z","EURUSD",1.1354,1.1354,1.1355
"2015-05-14T01:12:00.000Z","GBPUSD",1.574,1.5737,1.5742
"2015-05-14T01:12:00.000Z","AUDUSD",0.8129,0.8128,0.8129
"2015-05-14T01:12:00.000Z","USDJPY",119.232,119.232,119.236
"2015-05-14T01:16:00.000Z","EURUSD",1.1359,1.1357,1.1361
"2015-05-14T01:16:00.000Z","EURUSD",1.1359,1.1357,1.1361
"2015-05-14T01:16:00.000Z","GBPUSD",1.5746,1.5743,1.5748
"2015-05-14T01:16:00.000Z","AUDUSD",0.8141,0.8139,0.8142
"2015-05-14T01:16:00.000Z","USDJPY",119.2,119.2,119.22
"2015-05-14T01:28:00.000Z","EURUSD",1.1358,1.1358,1.1359
"2015-05-14T01:28:00.000Z","EURUSD",1.1358,1.1358,1.1359
"2015-05-14T01:28:00.000Z","GBPUSD",1.5752,1.5751,1.5752
"2015-05-14T01:28:00.000Z","AUDUSD",0.8147,0.8146,0.8147
"2015-05-14T01:28:00.000Z","USDJPY",119.178,119.178,119.181
"2015-05-14T01:35:00.000Z","EURUSD",1.1355,1.1355,1.1355
"2015-05-14T01:35:00.000Z","EURUSD",1.1355,1.1355,1.1355
"2015-05-14T01:35:00.000Z","GBPUSD",1.575,1.5748,1.5752
"2015-05-14T01:35:00.000Z","AUDUSD",0.8146,0.8146,0.8146
"2015-05-14T01:35:00.000Z","USDJPY",119.185,119.185,119.21
"2015-05-14T01:37:00.000Z","EURUSD",1.1353,1.1351,1.1355
"2015-05-14T01:37:00.000Z","EURUSD",1.1353,1.1351,1.1355
"2015-05-14T01:37:00.000Z","GBPUSD",1.5748,1.5746,1.575
"2015-05-14T01:37:00.000Z","AUDUSD",0.8144,0.8144,0.8144
"2015-05-14T01:37:00.000Z","USDJPY",119.211,119.211,119.213
"2015-05-14T01:38:00.000Z","EURUSD",1.1354,1.1354,1.1355
"2015-05-14T01:38:00.000Z","EURUSD",1.1354,1.1354,1.1355
"2015-05-14T01:38:00.000Z","GBPUSD",1.5748,1.5746,1.575
"2015-05-14T01:38:00.000Z","AUDUSD",0.8143,0.8143,0.8144
"2015-05-14T01:38:00.000Z","USDJPY",119.207,119.207,119.209
"2015-05-14T01:39:00.000Z","EURUSD",1.1353,1.1353,1.1354
"2015-05-14T01:39:00.000Z","EURUSD",1.1353,1.1353,1.1354
"2015-05-14T01:39:00.000Z","GBPUSD",1.5748,1.5747,1.5748
"2015-05-14T01:39:00.000Z","AUDUSD",0.8143,0.8142,0.8144
"2015-05-14T01:39:00.000Z","USDJPY",119.206,119.206,119.209
"2015-05-14T01:48:00.000Z","EURUSD",1.1356,1.1356,1.1357
"2015-05-14T01:48:00.000Z","EURUSD",1.1356,1.1356,1.1357
"2015-05-14T01:48:00.000Z","GBPUSD",1.5749,1.5749,1.575
"2015-05-14T01:48:00.000Z","AUDUSD",0.816,0.816,0.816
"2015-05-14T01:48:00.000Z","USDJPY",119.202,119.202,119.205
"2015-05-14T01:49:00.000Z","EURUSD",1.1354,1.1354,1.1355
"2015-05-14T01:49:00.000Z","EURUSD",1.1354,1.1354,1.1355
"2015-05-14T01:49:00.000Z","GBPUSD",1.5747,1.5746,1.5747
"2015-05-14T01:49:00.000Z","AUDUSD",0.8158,0.8157,0.816
"2015-05-14T01:49:00.000Z","USDJPY",119.225,119.225,119.24
"2015-05-14T01:51:00.000Z","EURUSD",1.1355,1.1354,1.1355
"2015-05-14T01:51:00.000Z","EURUSD",1.1355,1.1354,1.1355
"2015-05-14T01:51:00.000Z","GBPUSD",1.5745,1.5744,1.5746
"2015-05-14T01:51:00.000Z","AUDUSD",0.8152,0.8149,0.8154
"2015-05-14T01:51:00.000Z","USDJPY",119.225,119.225,119.24
"2015-05-14T01:52:00.000Z","EURUSD",1.1357,1.1355,1.1358
"2015-05-14T01:52:00.000Z","EURUSD",1.1355,1.1353,1.1356
"2015-05-14T01:52:00.000Z","GBPUSD",1.5746,1.5745,1.5746
"2015-05-14T01:52:00.000Z","AUDUSD",0.8151,0.8149,0.8152
"2015-05-14T01:52:00.000Z","USDJPY",119.213,119.213,119.216
"2015-05-14T01:53:00.000Z","EURUSD",1.1353,1.1353,1.1354
"2015-05-14T01:53:00.000Z","EURUSD",1.1353,1.1353,1.1354
"2015-05-14T01:53:00.000Z","GBPUSD",1.5744,1.5743,1.5745
"2015-05-14T01:53:00.000Z","AUDUSD",0.8146,0.8144,0.8148
"2015-05-14T01:53:00.000Z","USDJPY",119.221,119.221,119.224
"2015-05-14T01:54:00.000Z","EURUSD",1.1353,1.1353,1.1353
"2015-05-14T01:54:00.000Z","EURUSD",1.1353,1.1353,1.1353
"2015-05-14T01:54:00.000Z","GBPUSD",1.5744,1.5743,1.5745
"2015-05-14T01:54:00.000Z","AUDUSD",0.8147,0.8146,0.8147
"2015-05-14T01:54:00.000Z","USDJPY",119.215,119.215,119.217
"2015-05-14T01:55:00.000Z","EURUSD",1.1351,1.1351,1.1352
"2015-05-14T01:55:00.000Z","EURUSD",1.1351,1.1351,1.1352
"2015-05-14T01:55:00.000Z","GBPUSD",1.5743,1.5741,1.5746
"2015-05-14T01:55:00.000Z","AUDUSD",0.8146,0.8143,0.8148
"2015-05-14T01:55:00.000Z","USDJPY",119.205,119.205,119.23
"2015-05-14T01:56:00.000Z","EURUSD",1.1351,1.1349,1.1354
"2015-05-14T01:56:00.000Z","EURUSD",1.1351,1.1349,1.1354
"2015-05-14T01:56:00.000Z","GBPUSD",1.5742,1.5742,1.5743
"2015-05-14T01:56:00.000Z","AUDUSD",0.8145,0.8144,0.8146
"2015-05-14T01:56:00.000Z","USDJPY",119.217,119.217,119.221
"2015-05-14T01:57:00.000Z","EURUSD",1.1352,1.1352,1.1353
"2015-05-14T01:57:00.000Z","EURUSD",1.1352,1.1352,1.1353
"2015-05-14T01:57:00.000Z","GBPUSD",1.5743,1.5742,1.5744
"2015-05-14T01:57:00.000Z","AUDUSD",0.8149,0.8147,0.815
"2015-05-14T01:57:00.000Z","USDJPY",119.205,119.205,119.22
"2015-05-14T01:58:00.000Z","EURUSD",1.1355,1.1353,1.1356
"2015-05-14T01:58:00.000Z","EURUSD",1.1355,1.1353,1.1356
"2015-05-14T01:58:00.000Z","GBPUSD",1.5744,1.5743,1.5745
"2015-05-14T01:58:00.000Z","AUDUSD",0.815,0.815,0.8151
"2015-05-14T01:58:00.000Z","USDJPY",119.205,119.205,119.22
"2015-05-14T01:59:00.000Z","EURUSD",1.1355,1.1354,1.1356
"2015-05-14T01:59:00.000Z","EURUSD",1.1355,1.1354,1.1356
"2015-05-14T01:59:00.000Z","GBPUSD",1.5745,1.5744,1.5745
"2015-05-14T01:59:00.000Z","AUDUSD",0.8151,0.815,0.8151
"2015-05-14T01:59:00.000Z","USDJPY",119.216,119.216,119.22
"2015-05-14T02:00:00.000Z","EURUSD",1.1363,1.1361,1.1364
"2015-05-14T02:00:00.000Z","EURUSD",1.1363,1.1361,1.1364
"2015-05-14T02:00:00.000Z","GBPUSD",1.5746,1.5744,1.5748
"2015-05-14T02:00:00.000Z","AUDUSD",0.8153,0.8151,0.8154
"2015-05-14T02:00:00.000Z","USDJPY",119.205,119.205,119.22
"2015-05-14T02:01:00.000Z","EURUSD",1.1358,1.1356,1.136
"2015-05-14T02:01:00.000Z","EURUSD",1.1358,1.1356,1.136
"2015-05-14T02:01:00.000Z","GBPUSD",1.5746,1.5744,1.5748
"2015-05-14T02:01:00.000Z","AUDUSD",0.8147,0.8146,0.8147
"2015-05-14T02:01:00.000Z","USDJPY",119.205,119.205,119.22
"2015-05-14T02:02:00.000Z","EURUSD",1.1359,1.1357,1.1361
"2015-05-14T02:02:00.000Z","EURUSD",1.1359,1.1357,1.1361
"2015-05-14T02:02:00.000Z","GBPUSD",1.5745,1.5744,1.5746
"2015-05-14T02:02:00.000Z","AUDUSD",0.8144,0.8143,0.8146
"2015-05-14T02:02:00.000Z","USDJPY",119.205,119.205,119.23
"2015-05-14T02:04:00.000Z","EURUSD",1.1362,1.1361,1.1362
"2015-05-14T02:04:00.000Z","EURUSD",1.1362,1.1361,1.1362
"2015-05-14T02:04:00.000Z","GBPUSD",1.5747,1.5746,1.5747
"2015-05-14T02:04:00.000Z","AUDUSD",0.8146,0.8145,0.8146
"2015-05-14T02:04:00.000Z","USDJPY",119.186,119.186,119.189
"2015-05-14T02:04:00.000Z","EURUSD",1.1363,1.1363,1.1364
"2015-05-14T02:04:00.000Z","EURUSD",1.1363,1.1363,1.1364
"2015-05-14T02:04:00.000Z","GBPUSD",1.5747,1.5746,1.5747
"2015-05-14T02:04:00.000Z","AUDUSD",0.8146,0.8145,0.8146
"2015-05-14T02:04:00.000Z","USDJPY",119.18,119.18,119.184
"2015-05-14T02:05:00.000Z","EURUSD",1.1365,1.1363,1.1366
"2015-05-14T02:05:00.000Z","EURUSD",1.1365,1.1363,1.1366
"2015-05-14T02:05:00.000Z","GBPUSD",1.5747,1.5747,1.5748
"2015-05-14T02:05:00.000Z","AUDUSD",0.8145,0.8145,0.8146
"2015-05-14T02:05:00.000Z","USDJPY",119.185,119.185,119.2
"2015-05-14T02:06:00.000Z","EURUSD",1.1365,1.1364,1.1365
"2015-05-14T02:06:00.000Z","EURUSD",1.1365,1.1364,1.1365
"2015-05-14T02:06:00.000Z","GBPUSD",1.5747,1.5747,1.5748
"2015-05-14T02:06:00.000Z","AUDUSD",0.8144,0.8142,0.8146
"2015-05-14T02:06:00.000Z","USDJPY",119.185,119.185,119.187
"2015-05-14T02:07:00.000Z","EURUSD",1.1364,1.1363,1.1364
"2015-05-14T02:07:00.000Z","EURUSD",1.1364,1.1363,1.1364
"2015-05-14T02:07:00.000Z","GBPUSD",1.5748,1.5746,1.575
"2015-05-14T02:07:00.000Z","AUDUSD",0.8145,0.8143,0.8146
"2015-05-14T02:07:00.000Z","USDJPY",119.187,119.187,119.189
"2015-05-16T02:47:00.000Z","EURUSD",1.139,1.129,1.149
"2015-05-16T02:47:00.000Z","EURUSD",1.139,1.129,1.149
"2015-05-16T02:47:00.000Z","GBPUSD",1.5724,1.5722,1.5726
"2015-05-16T02:47:00.000Z","AUDUSD",0.8037,0.8035,0.804
"2015-05-16T02:47:00.000Z","USDJPY",119.275,119.275,119.45
"2015-05-18T02:48:00.000Z","EURUSD",1.143,1.1428,1.1432
"2015-05-18T02:48:00.000Z","EURUSD",1.143,1.1428,1.1432
"2015-05-18T02:48:00.000Z","GBPUSD",1.5719,1.5718,1.5719
"2015-05-18T02:48:00.000Z","AUDUSD",0.8018,0.8016,0.802
"2015-05-18T02:48:00.000Z","USDJPY",119.633,119.633,119.637
"2015-05-18T02:49:00.000Z","EURUSD",1.1433,1.1431,1.1435
"2015-05-18T02:49:00.000Z","EURUSD",1.1433,1.1431,1.1435
"2015-05-18T02:49:00.000Z","GBPUSD",1.5719,1.5719,1.572
"2015-05-18T02:49:00.000Z","AUDUSD",0.8023,0.802,0.8025
"2015-05-18T02:49:00.000Z","USDJPY",119.627,119.627,119.629
"2015-05-18T02:50:00.000Z","EURUSD",1.1432,1.1432,1.1433
"2015-05-18T02:50:00.000Z","EURUSD",1.1432,1.1432,1.1433
"2015-05-18T02:50:00.000Z","GBPUSD",1.5719,1.5719,1.572
"2015-05-18T02:50:00.000Z","AUDUSD",0.8022,0.8021,0.8024
"2015-05-18T02:50:00.000Z","USDJPY",119.645,119.645,119.66
"2015-05-18T02:51:00.000Z","EURUSD",1.1433,1.1431,1.1435
"2015-05-18T02:51:00.000Z","EURUSD",1.1434,1.1432,1.1436
"2015-05-18T02:51:00.000Z","GBPUSD",1.5718,1.5717,1.5718
"2015-05-18T02:51:00.000Z","AUDUSD",0.8021,0.8021,0.8022
"2015-05-18T02:51:00.000Z","USDJPY",119.635,119.635,119.7
"2015-05-18T02:52:00.000Z","EURUSD",1.1435,1.1434,1.1436
"2015-05-18T02:52:00.000Z","EURUSD",1.1435,1.1434,1.1436
"2015-05-18T02:52:00.000Z","GBPUSD",1.572,1.5718,1.5722
"2015-05-18T02:52:00.000Z","AUDUSD",0.8024,0.8022,0.8026
"2015-05-18T02:52:00.000Z","USDJPY",119.623,119.623,119.627
"2015-05-18T02:53:00.000Z","EURUSD",1.1432,1.1432,1.1433
"2015-05-18T02:53:00.000Z","EURUSD",1.1432,1.1432,1.1433
"2015-05-18T02:53:00.000Z","GBPUSD",1.5716,1.5714,1.5718
"2015-05-18T02:53:00.000Z","AUDUSD",0.8022,0.8019,0.8024
"2015-05-18T02:53:00.000Z","USDJPY",119.645,119.645,119.66
"2015-05-18T02:54:00.000Z","EURUSD",1.143,1.143,1.143
"2015-05-18T02:54:00.000Z","EURUSD",1.143,1.143,1.143
"2015-05-18T02:54:00.000Z","GBPUSD",1.5716,1.5715,1.5717
"2015-05-18T02:54:00.000Z","AUDUSD",0.802,0.8018,0.8022
"2015-05-18T02:54:00.000Z","USDJPY",119.63,119.63,119.64
"2015-05-18T02:55:00.000Z","EURUSD",1.1431,1.1429,1.1433
"2015-05-18T02:55:00.000Z","EURUSD",1.1431,1.1429,1.1433
"2015-05-18T02:55:00.000Z","GBPUSD",1.5717,1.5716,1.5718
"2015-05-18T02:55:00.000Z","AUDUSD",0.8019,0.8017,0.802
"2015-05-18T02:55:00.000Z","USDJPY",119.645,119.645,119.66
"2015-05-18T02:56:00.000Z","EURUSD",1.143,1.1428,1.1432
"2015-05-18T02:56:00.000Z","EURUSD",1.143,1.1428,1.1432
"2015-05-18T02:56:00.000Z","GBPUSD",1.5716,1.5713,1.5718
"2015-05-18T02:56:00.000Z","AUDUSD",0.8018,0.8015,0.802
"2015-05-18T02:56:00.000Z","USDJPY",119.653,119.653,119.656
"2015-05-18T02:58:00.000Z","EURUSD",1.143,1.1429,1.143
"2015-05-18T02:58:00.000Z","EURUSD",1.143,1.1429,1.143
"2015-05-18T02:57:00.000Z","GBPUSD",1.5715,1.5712,1.5718
"2015-05-18T02:58:00.000Z","AUDUSD",0.8016,0.8015,0.8018
"2015-05-18T02:58:00.000Z","USDJPY",119.651,119.651,119.654
"2015-05-18T02:59:00.000Z","EURUSD",1.143,1.143,1.143
"2015-05-18T02:59:00.000Z","EURUSD",1.143,1.143,1.143
"2015-05-18T02:59:00.000Z","GBPUSD",1.5715,1.5712,1.5718
"2015-05-18T02:59:00.000Z","AUDUSD",0.8016,0.8015,0.8018
"2015-05-18T02:59:00.000Z","USDJPY",119.65,119.65,119.66
"2015-05-18T03:00:00.000Z","EURUSD",1.1432,1.143,1.1434
"2015-05-18T03:00:00.000Z","EURUSD",1.1432,1.143,1.1434
"2015-05-18T03:00:00.000Z","GBPUSD",1.5717,1.5716,1.5718
"2015-05-18T03:00:00.000Z","AUDUSD",0.8016,0.8014,0.8018
"2015-05-18T03:00:00.000Z","USDJPY",119.643,119.643,119.646
"2015-05-18T03:01:00.000Z","EURUSD",1.1435,1.1433,1.1437
"2015-05-18T03:01:00.000Z","EURUSD",1.1435,1.1433,1.1437
"2015-05-18T03:01:00.000Z","GBPUSD",1.5718,1.5717,1.5719
"2015-05-18T03:01:00.000Z","AUDUSD",0.8018,0.8017,0.8018
"2015-05-18T03:01:00.000Z","USDJPY",119.63,119.63,119.64
"2015-05-18T03:02:00.000Z","EURUSD",1.1436,1.1436,1.1437
"2015-05-18T03:02:00.000Z","EURUSD",1.1436,1.1436,1.1437
"2015-05-18T03:02:00.000Z","GBPUSD",1.5719,1.5718,1.572
"2015-05-18T03:02:00.000Z","AUDUSD",0.8019,0.8017,0.802
"2015-05-18T03:02:00.000Z","USDJPY",119.635,119.635,119.7
"2015-05-18T03:03:00.000Z","EURUSD",1.1434,1.1434,1.1434
"2015-05-18T03:03:00.000Z","EURUSD",1.1434,1.1434,1.1434
"2015-05-18T03:03:00.000Z","GBPUSD",1.5717,1.5717,1.5718
"2015-05-18T03:03:00.000Z","AUDUSD",0.8021,0.802,0.8022
"2015-05-18T03:03:00.000Z","USDJPY",119.64,119.64,119.66
"2015-05-18T03:04:00.000Z","EURUSD",1.1434,1.1433,1.1434
"2015-05-18T03:04:00.000Z","EURUSD",1.1434,1.1433,1.1434
"2015-05-18T03:04:00.000Z","GBPUSD",1.5717,1.5717,1.5718
"2015-05-18T03:04:00.000Z","AUDUSD",0.8021,0.8019,0.8022
"2015-05-18T03:04:00.000Z","USDJPY",119.633,119.633,119.636
"2015-05-18T03:05:00.000Z","EURUSD",1.1435,1.1434,1.1436
"2015-05-18T03:05:00.000Z","EURUSD",1.1435,1.1434,1.1436
"2015-05-18T03:05:00.000Z","GBPUSD",1.5717,1.5716,1.5718
"2015-05-18T03:05:00.000Z","AUDUSD",0.8021,0.8019,0.8022
"2015-05-18T03:05:00.000Z","USDJPY",119.632,119.632,119.636
"2015-05-18T03:06:00.000Z","EURUSD",1.1433,1.1433,1.1434
"2015-05-18T03:06:00.000Z","EURUSD",1.1433,1.1433,1.1434
"2015-05-18T03:06:00.000Z","GBPUSD",1.5719,1.5717,1.5722
"2015-05-18T03:06:00.000Z","AUDUSD",0.802,0.8019,0.8022
"2015-05-18T03:06:00.000Z","USDJPY",119.632,119.632,119.636
"2015-05-18T03:07:00.000Z","EURUSD",1.1434,1.1432,1.1436
"2015-05-18T03:07:00.000Z","EURUSD",1.1434,1.1432,1.1436
"2015-05-18T03:07:00.000Z","GBPUSD",1.5718,1.5715,1.572
"2015-05-18T03:07:00.000Z","AUDUSD",0.802,0.8018,0.8022
"2015-05-18T03:07:00.000Z","USDJPY",119.634,119.634,119.637
"2015-05-18T03:08:00.000Z","EURUSD",1.1434,1.1432,1.1436
"2015-05-18T03:08:00.000Z","EURUSD",1.1434,1.1432,1.1436
"2015-05-18T03:08:00.000Z","GBPUSD",1.5717,1.5716,1.5717
"2015-05-18T03:08:00.000Z","AUDUSD",0.8019,0.8018,0.802
"2015-05-18T03:08:00.000Z","USDJPY",119.633,119.633,119.637
"2015-05-18T03:16:00.000Z","EURUSD",1.1432,1.1431,1.1434
"2015-05-18T03:16:00.000Z","EURUSD",1.1432,1.1431,1.1434
"2015-05-18T03:16:00.000Z","GBPUSD",1.5719,1.5717,1.5722
"2015-05-18T03:16:00.000Z","AUDUSD",0.8022,0.802,0.8024
"2015-05-18T03:16:00.000Z","USDJPY",119.665,119.665,119.68
"2015-05-18T03:29:00.000Z","EURUSD",1.1434,1.1434,1.1435
"2015-05-18T03:29:00.000Z","EURUSD",1.1434,1.1434,1.1435
"2015-05-18T03:29:00.000Z","GBPUSD",1.5719,1.5718,1.572
"2015-05-18T03:29:00.000Z","AUDUSD",0.8023,0.8022,0.8025
"2015-05-18T03:29:00.000Z","USDJPY",119.63,119.63,119.64
"2015-05-18T03:39:00.000Z","EURUSD",1.1433,1.1433,1.1433
"2015-05-18T03:39:00.000Z","EURUSD",1.1433,1.1433,1.1433
"2015-05-18T03:39:00.000Z","GBPUSD",1.5721,1.5718,1.5724
"2015-05-18T03:39:00.000Z","AUDUSD",0.8023,0.8022,0.8024
"2015-05-18T03:39:00.000Z","USDJPY",119.66,119.66,119.68
"2015-05-18T05:28:00.000Z","EURUSD",1.1428,1.1428,1.1429
"2015-05-18T05:28:00.000Z","EURUSD",1.1428,1.1428,1.1429
"2015-05-18T05:27:00.000Z","GBPUSD",1.5724,1.5722,1.5726
"2015-05-18T05:28:00.000Z","AUDUSD",0.8015,0.8014,0.8016
"2015-05-18T05:28:00.000Z","USDJPY",119.654,119.654,119.657
"2015-05-18T07:17:00.000Z","EURUSD",1.1404,1.1404,1.1405
"2015-05-18T07:17:00.000Z","EURUSD",1.1404,1.1404,1.1405
"2015-05-18T07:16:00.000Z","GBPUSD",1.5681,1.5678,1.5684
"2015-05-18T07:17:00.000Z","AUDUSD",0.7997,0.7996,0.7997
"2015-05-18T07:17:00.000Z","USDJPY",119.625,119.625,119.628
"2015-05-18T09:05:00.000Z","EURUSD",1.1384,1.1383,1.1384
"2015-05-18T09:05:00.000Z","EURUSD",1.1384,1.1383,1.1384
"2015-05-18T09:05:00.000Z","GBPUSD",1.5654,1.5652,1.5656
"2015-05-18T09:05:00.000Z","AUDUSD",0.8012,0.8012,0.8012
"2015-05-18T09:05:00.000Z","USDJPY",119.665,119.665,119.68
"2015-05-18T10:21:00.000Z","EURUSD",1.1402,1.1401,1.1402
"2015-05-18T10:21:00.000Z","EURUSD",1.1402,1.1401,1.1402
"2015-05-18T10:21:00.000Z","GBPUSD",1.5689,1.5688,1.5689
"2015-05-18T10:21:00.000Z","AUDUSD",0.8009,0.8007,0.801
"2015-05-18T10:21:00.000Z","USDJPY",119.655,119.655,119.657
"2015-05-18T23:08:00.000Z","EURUSD",1.1414,1.1413,1.1414
"2015-05-18T23:08:00.000Z","EURUSD",1.1414,1.1413,1.1414
"2015-05-18T23:08:00.000Z","GBPUSD",1.5683,1.5682,1.5683
"2015-05-18T23:08:00.000Z","AUDUSD",0.8005,0.8004,0.8006
"2015-05-18T23:08:00.000Z","USDJPY",119.665,119.665,119.667
"2015-05-18T23:09:00.000Z","EURUSD",1.1416,1.1415,1.1416
"2015-05-18T23:09:00.000Z","EURUSD",1.1416,1.1415,1.1416
"2015-05-18T23:09:00.000Z","GBPUSD",1.5687,1.5686,1.5688
"2015-05-18T23:09:00.000Z","AUDUSD",0.8007,0.8006,0.8007
"2015-05-18T23:09:00.000Z","USDJPY",119.665,119.665,119.668
"2015-05-18T23:10:00.000Z","EURUSD",1.1417,1.1417,1.1418
"2015-05-18T23:10:00.000Z","EURUSD",1.1417,1.1417,1.1418
"2015-05-18T23:10:00.000Z","GBPUSD",1.5689,1.5688,1.5689
"2015-05-18T23:10:00.000Z","AUDUSD",0.8007,0.8006,0.8007
"2015-05-18T23:10:00.000Z","USDJPY",119.67,119.67,119.68
"2015-05-18T23:11:00.000Z","EURUSD",1.1415,1.1413,1.1416
"2015-05-18T23:11:00.000Z","EURUSD",1.1415,1.1413,1.1416
"2015-05-18T23:11:00.000Z","GBPUSD",1.569,1.5687,1.5692
"2015-05-18T23:11:00.000Z","AUDUSD",0.8006,0.8004,0.8008
"2015-05-18T23:11:00.000Z","USDJPY",119.67,119.67,119.68
"2015-05-18T23:12:00.000Z","EURUSD",1.141,1.1409,1.1412
"2015-05-18T23:12:00.000Z","EURUSD",1.141,1.1409,1.1412
"2015-05-18T23:12:00.000Z","GBPUSD",1.5685,1.5684,1.5685
"2015-05-18T23:12:00.000Z","AUDUSD",0.8005,0.8005,0.8006
"2015-05-18T23:12:00.000Z","USDJPY",119.687,119.687,119.689
"2015-05-18T23:13:00.000Z","EURUSD",1.1412,1.1412,1.1413
"2015-05-18T23:13:00.000Z","EURUSD",1.1412,1.1412,1.1413
"2015-05-18T23:13:00.000Z","GBPUSD",1.5685,1.5685,1.5685
"2015-05-18T23:13:00.000Z","AUDUSD",0.8005,0.8004,0.8006
"2015-05-18T23:13:00.000Z","USDJPY",119.692,119.692,119.694
"2015-05-18T23:14:00.000Z","EURUSD",1.1413,1.1412,1.1413
"2015-05-18T23:14:00.000Z","EURUSD",1.1413,1.1412,1.1413
"2015-05-18T23:14:00.000Z","GBPUSD",1.5687,1.5686,1.5687
"2015-05-18T23:14:00.000Z","AUDUSD",0.8007,0.8006,0.8008
"2015-05-18T23:14:00.000Z","USDJPY",119.672,119.672,119.675
"2015-05-18T23:15:00.000Z","EURUSD",1.1417,1.1415,1.1419
"2015-05-18T23:15:00.000Z","EURUSD",1.1417,1.1415,1.1419
"2015-05-18T23:15:00.000Z","GBPUSD",1.5691,1.569,1.5691
"2015-05-18T23:15:00.000Z","AUDUSD",0.8011,0.8009,0.8012
"2015-05-18T23:15:00.000Z","USDJPY",119.648,119.648,119.65
"2015-05-18T23:17:00.000Z","EURUSD",1.1413,1.1413,1.1413
"2015-05-18T23:17:00.000Z","EURUSD",1.1413,1.1413,1.1413
"2015-05-18T23:17:00.000Z","GBPUSD",1.5686,1.5685,1.5686
"2015-05-18T23:17:00.000Z","AUDUSD",0.8007,0.8006,0.8008
"2015-05-18T23:17:00.000Z","USDJPY",119.655,119.655,119.657
"2015-05-18T23:18:00.000Z","EURUSD",1.1411,1.141,1.1411
"2015-05-18T23:18:00.000Z","EURUSD",1.1411,1.141,1.1411
"2015-05-18T23:18:00.000Z","GBPUSD",1.5687,1.5686,1.5688
"2015-05-18T23:18:00.000Z","AUDUSD",0.8006,0.8005,0.8008
"2015-05-18T23:18:00.000Z","USDJPY",119.665,119.665,119.68
"2015-05-18T23:19:00.000Z","EURUSD",1.1409,1.1409,1.141
"2015-05-18T23:19:00.000Z","EURUSD",1.1409,1.1409,1.141
"2015-05-18T23:19:00.000Z","GBPUSD",1.5682,1.568,1.5683
"2015-05-18T23:19:00.000Z","AUDUSD",0.8006,0.8004,0.8008
"2015-05-18T23:19:00.000Z","USDJPY",119.675,119.675,119.74
"2015-05-18T23:20:00.000Z","EURUSD",1.141,1.141,1.141
"2015-05-18T23:20:00.000Z","EURUSD",1.141,1.141,1.141
"2015-05-18T23:20:00.000Z","GBPUSD",1.5681,1.568,1.5681
"2015-05-18T23:20:00.000Z","AUDUSD",0.8004,0.8003,0.8006
"2015-05-18T23:20:00.000Z","USDJPY",119.666,119.666,119.669
"2015-05-18T23:21:00.000Z","EURUSD",1.1409,1.1408,1.1409
"2015-05-18T23:21:00.000Z","EURUSD",1.1409,1.1408,1.1409
"2015-05-18T23:21:00.000Z","GBPUSD",1.5679,1.5679,1.568
"2015-05-18T23:21:00.000Z","AUDUSD",0.8004,0.8001,0.8006
"2015-05-18T23:21:00.000Z","USDJPY",119.655,119.655,119.68
"2015-05-18T23:22:00.000Z","EURUSD",1.1405,1.1403,1.1406
"2015-05-18T23:22:00.000Z","EURUSD",1.1405,1.1403,1.1406
"2015-05-18T23:22:00.000Z","GBPUSD",1.5682,1.568,1.5684
"2015-05-18T23:22:00.000Z","AUDUSD",0.8004,0.8002,0.8006
"2015-05-18T23:22:00.000Z","USDJPY",119.685,119.685,119.7
"2015-05-18T23:23:00.000Z","EURUSD",1.1407,1.1407,1.1408
"2015-05-18T23:23:00.000Z","EURUSD",1.1407,1.1407,1.1408
"2015-05-18T23:23:00.000Z","GBPUSD",1.5683,1.5682,1.5683
"2015-05-18T23:23:00.000Z","AUDUSD",0.8002,0.8,0.8004
"2015-05-18T23:23:00.000Z","USDJPY",119.657,119.657,119.66
"2015-05-19T01:07:00.000Z","EURUSD",1.1312,1.131,1.1314
"2015-05-19T01:07:00.000Z","EURUSD",1.1312,1.131,1.1314
"2015-05-19T01:07:00.000Z","GBPUSD",1.5655,1.5655,1.5656
"2015-05-19T01:07:00.000Z","AUDUSD",0.7993,0.7993,0.7994
"2015-05-19T01:07:00.000Z","USDJPY",119.859,119.859,119.863
"2015-05-19T01:08:00.000Z","EURUSD",1.131,1.131,1.1311
"2015-05-19T01:08:00.000Z","EURUSD",1.131,1.131,1.1311
"2015-05-19T01:08:00.000Z","GBPUSD",1.5654,1.5653,1.5654
"2015-05-19T01:08:00.000Z","AUDUSD",0.7993,0.7991,0.7994
"2015-05-19T01:08:00.000Z","USDJPY",119.863,119.863,119.866
"2015-05-19T01:09:00.000Z","EURUSD",1.131,1.1309,1.1312
"2015-05-19T01:09:00.000Z","EURUSD",1.131,1.1309,1.1312
"2015-05-19T01:09:00.000Z","GBPUSD",1.5653,1.5652,1.5653
"2015-05-19T01:09:00.000Z","AUDUSD",0.7991,0.799,0.7991
"2015-05-19T01:09:00.000Z","USDJPY",119.868,119.868,119.871
"2015-05-19T01:10:00.000Z","EURUSD",1.1309,1.1307,1.1311
"2015-05-19T01:10:00.000Z","EURUSD",1.1309,1.1307,1.1311
"2015-05-19T01:10:00.000Z","GBPUSD",1.5652,1.5651,1.5652
"2015-05-19T01:10:00.000Z","AUDUSD",0.799,0.799,0.7991
"2015-05-19T01:10:00.000Z","USDJPY",119.88,119.88,119.9
"2015-05-19T01:11:00.000Z","EURUSD",1.1308,1.1308,1.1308
"2015-05-19T01:11:00.000Z","EURUSD",1.1308,1.1308,1.1308
"2015-05-19T01:11:00.000Z","GBPUSD",1.565,1.5648,1.5652
"2015-05-19T01:11:00.000Z","AUDUSD",0.7989,0.7987,0.799
"2015-05-19T01:11:00.000Z","USDJPY",119.886,119.886,119.889
"2015-05-19T01:12:00.000Z","EURUSD",1.1307,1.1307,1.1308
"2015-05-19T01:12:00.000Z","EURUSD",1.1307,1.1307,1.1308
"2015-05-19T01:12:00.000Z","GBPUSD",1.5652,1.565,1.5654
"2015-05-19T01:12:00.000Z","AUDUSD",0.7989,0.7988,0.799
"2015-05-19T01:12:00.000Z","USDJPY",119.9,119.9,119.904
"2015-05-19T01:13:00.000Z","EURUSD",1.1308,1.1306,1.131
"2015-05-19T01:13:00.000Z","EURUSD",1.1308,1.1306,1.131
"2015-05-19T01:13:00.000Z","GBPUSD",1.5652,1.565,1.5654
"2015-05-19T01:13:00.000Z","AUDUSD",0.7989,0.7989,0.799
"2015-05-19T01:13:00.000Z","USDJPY",119.894,119.894,119.897
"2015-05-19T01:14:00.000Z","EURUSD",1.1308,1.1307,1.131
"2015-05-19T01:14:00.000Z","EURUSD",1.1308,1.1307,1.131
"2015-05-19T01:14:00.000Z","GBPUSD",1.5651,1.565,1.5652
"2015-05-19T01:14:00.000Z","AUDUSD",0.799,0.7989,0.7992
"2015-05-19T01:14:00.000Z","USDJPY",119.894,119.894,119.897
"2015-05-19T01:15:00.000Z","EURUSD",1.1308,1.1307,1.1308
"2015-05-19T01:15:00.000Z","EURUSD",1.1308,1.1307,1.1308
"2015-05-19T01:15:00.000Z","GBPUSD",1.5652,1.5649,1.5654
"2015-05-19T01:15:00.000Z","AUDUSD",0.7991,0.7989,0.7992
"2015-05-19T01:15:00.000Z","USDJPY",119.893,119.893,119.896
"2015-05-19T01:16:00.000Z","EURUSD",1.1309,1.1308,1.1309
"2015-05-19T01:16:00.000Z","EURUSD",1.1309,1.1308,1.1309
"2015-05-19T01:16:00.000Z","GBPUSD",1.5651,1.565,1.5652
"2015-05-19T01:16:00.000Z","AUDUSD",0.7992,0.7991,0.7994
"2015-05-19T01:16:00.000Z","USDJPY",119.89,119.89,119.9
"2015-05-19T01:17:00.000Z","EURUSD",1.1308,1.1306,1.131
"2015-05-19T01:17:00.000Z","EURUSD",1.1308,1.1306,1.131
"2015-05-19T01:17:00.000Z","GBPUSD",1.5653,1.5651,1.5654
"2015-05-19T01:17:00.000Z","AUDUSD",0.7994,0.7992,0.7996
"2015-05-19T01:17:00.000Z","USDJPY",119.87,119.87,119.88
"2015-05-19T01:18:00.000Z","EURUSD",1.1309,1.1309,1.1309
"2015-05-19T01:18:00.000Z","EURUSD",1.1309,1.1309,1.1309
"2015-05-19T01:18:00.000Z","GBPUSD",1.5651,1.5651,1.5652
"2015-05-19T01:18:00.000Z","AUDUSD",0.7993,0.7993,0.7994
"2015-05-19T01:18:00.000Z","USDJPY",119.885,119.885,119.9
"2015-05-19T01:19:00.000Z","EURUSD",1.131,1.1308,1.1312
"2015-05-19T01:19:00.000Z","EURUSD",1.131,1.1308,1.1312
"2015-05-19T01:19:00.000Z","GBPUSD",1.5652,1.565,1.5654
"2015-05-19T01:19:00.000Z","AUDUSD",0.7994,0.7993,0.7994
"2015-05-19T01:19:00.000Z","USDJPY",119.865,119.865,119.88
"2015-05-19T01:20:00.000Z","EURUSD",1.131,1.1309,1.1312
"2015-05-19T01:20:00.000Z","EURUSD",1.131,1.1309,1.1312
"2015-05-19T01:20:00.000Z","GBPUSD",1.5652,1.565,1.5654
"2015-05-19T01:20:00.000Z","AUDUSD",0.7993,0.7992,0.7994
"2015-05-19T01:20:00.000Z","USDJPY",119.865,119.865,119.868
"2015-05-19T01:21:00.000Z","EURUSD",1.1311,1.1311,1.1312
"2015-05-19T01:21:00.000Z","EURUSD",1.1311,1.1311,1.1312
"2015-05-19T01:21:00.000Z","GBPUSD",1.5652,1.5652,1.5653
"2015-05-19T01:21:00.000Z","AUDUSD",0.7993,0.7991,0.7994
"2015-05-19T01:21:00.000Z","USDJPY",119.867,119.867,119.869
"2015-05-19T01:23:00.000Z","EURUSD",1.1312,1.131,1.1314
"2015-05-19T01:23:00.000Z","EURUSD",1.1312,1.131,1.1314
"2015-05-19T01:23:00.000Z","GBPUSD",1.5653,1.5652,1.5653
"2015-05-19T01:23:00.000Z","AUDUSD",0.7994,0.7991,0.7995
"2015-05-19T01:23:00.000Z","USDJPY",119.865,119.865,119.88
"2015-05-19T01:23:00.000Z","EURUSD",1.131,1.1309,1.1312
"2015-05-19T01:23:00.000Z","EURUSD",1.131,1.1309,1.1312
"2015-05-19T01:23:00.000Z","GBPUSD",1.5651,1.565,1.5652
"2015-05-19T01:23:00.000Z","AUDUSD",0.7991,0.7989,0.7992
"2015-05-19T01:23:00.000Z","USDJPY",119.88,119.88,119.883
"2015-05-19T01:24:00.000Z","EURUSD",1.131,1.131,1.1311
"2015-05-19T01:24:00.000Z","EURUSD",1.131,1.131,1.1311
"2015-05-19T01:24:00.000Z","GBPUSD",1.5651,1.5651,1.5652
"2015-05-19T01:24:00.000Z","AUDUSD",0.799,0.7989,0.7992
"2015-05-19T01:24:00.000Z","USDJPY",119.881,119.881,119.884
"2015-05-19T01:25:00.000Z","EURUSD",1.1311,1.1309,1.1313
"2015-05-19T01:25:00.000Z","EURUSD",1.1311,1.1309,1.1313
"2015-05-19T01:25:00.000Z","GBPUSD",1.5652,1.5651,1.5653
"2015-05-19T01:25:00.000Z","AUDUSD",0.7992,0.799,0.7994
"2015-05-19T01:25:00.000Z","USDJPY",119.877,119.877,119.88
"2015-05-19T01:27:00.000Z","EURUSD",1.131,1.131,1.131
"2015-05-19T01:27:00.000Z","EURUSD",1.131,1.131,1.131
"2015-05-19T01:27:00.000Z","GBPUSD",1.5652,1.5652,1.5653
"2015-05-19T01:27:00.000Z","AUDUSD",0.799,0.7989,0.7992
"2015-05-19T01:27:00.000Z","USDJPY",119.881,119.881,119.883
"2015-05-19T01:28:00.000Z","EURUSD",1.1311,1.131,1.1311
"2015-05-19T01:28:00.000Z","EURUSD",1.1311,1.131,1.1311
"2015-05-19T01:28:00.000Z","GBPUSD",1.5651,1.5651,1.5652
"2015-05-19T01:28:00.000Z","AUDUSD",0.7993,0.7991,0.7994
"2015-05-19T01:28:00.000Z","USDJPY",119.87,119.87,119.88
"2015-05-19T01:29:00.000Z","EURUSD",1.1309,1.1309,1.131
"2015-05-19T01:29:00.000Z","EURUSD",1.1309,1.1309,1.131
"2015-05-19T01:29:00.000Z","GBPUSD",1.565,1.5649,1.565
"2015-05-19T01:29:00.000Z","AUDUSD",0.799,0.799,0.799
"2015-05-19T01:29:00.000Z","USDJPY",119.894,119.894,119.897
"2015-05-19T01:30:00.000Z","EURUSD",1.131,1.1308,1.1312
"2015-05-19T01:30:00.000Z","EURUSD",1.131,1.1308,1.1312
"2015-05-19T01:30:00.000Z","GBPUSD",1.5649,1.5648,1.565
"2015-05-19T01:30:00.000Z","AUDUSD",0.7974,0.7972,0.7975
"2015-05-19T01:30:00.000Z","USDJPY",119.899,119.899,119.903
"2015-05-19T01:31:00.000Z","EURUSD",1.1311,1.131,1.1311
"2015-05-19T01:31:00.000Z","EURUSD",1.1311,1.131,1.1311
"2015-05-19T01:31:00.000Z","GBPUSD",1.565,1.5649,1.5651
"2015-05-19T01:31:00.000Z","AUDUSD",0.7982,0.7981,0.7984
"2015-05-19T01:31:00.000Z","USDJPY",119.905,119.905,119.92
"2015-05-19T01:32:00.000Z","EURUSD",1.1311,1.131,1.1311
"2015-05-19T01:32:00.000Z","EURUSD",1.1311,1.131,1.1311
"2015-05-19T01:32:00.000Z","GBPUSD",1.5649,1.5649,1.565
"2015-05-19T01:32:00.000Z","AUDUSD",0.7979,0.7978,0.798
"2015-05-19T01:32:00.000Z","USDJPY",119.89,119.89,119.9
"2015-05-19T01:33:00.000Z","EURUSD",1.1311,1.131,1.1311
"2015-05-19T01:33:00.000Z","EURUSD",1.1311,1.131,1.1311
"2015-05-19T01:33:00.000Z","GBPUSD",1.565,1.5649,1.565
"2015-05-19T01:33:00.000Z","AUDUSD",0.7982,0.7982,0.7983
"2015-05-19T01:33:00.000Z","USDJPY",119.885,119.885,119.9
"2015-05-19T01:34:00.000Z","EURUSD",1.1311,1.1311,1.1311
"2015-05-19T01:34:00.000Z","EURUSD",1.1311,1.1311,1.1311
"2015-05-19T01:34:00.000Z","GBPUSD",1.5651,1.565,1.5652
"2015-05-19T01:34:00.000Z","AUDUSD",0.7984,0.7983,0.7984
"2015-05-19T01:34:00.000Z","USDJPY",119.89,119.89,119.9
"2015-05-19T01:35:00.000Z","EURUSD",1.1312,1.1311,1.1312
"2015-05-19T01:35:00.000Z","EURUSD",1.1312,1.1311,1.1312
"2015-05-19T01:35:00.000Z","GBPUSD",1.5651,1.565,1.5651
"2015-05-19T01:35:00.000Z","AUDUSD",0.7983,0.7982,0.7983
"2015-05-19T01:35:00.000Z","USDJPY",119.91,119.91,119.92
"2015-05-19T01:36:00.000Z","EURUSD",1.1309,1.1308,1.131
"2015-05-19T01:36:00.000Z","EURUSD",1.1309,1.1308,1.131
"2015-05-19T01:36:00.000Z","GBPUSD",1.565,1.5648,1.5652
"2015-05-19T01:36:00.000Z","AUDUSD",0.7984,0.7983,0.7986
"2015-05-19T01:36:00.000Z","USDJPY",119.89,119.89,119.9
"2015-05-19T01:37:00.000Z","EURUSD",1.131,1.1309,1.1312
"2015-05-19T01:37:00.000Z","EURUSD",1.131,1.1309,1.1312
"2015-05-19T01:37:00.000Z","GBPUSD",1.565,1.5648,1.5652
"2015-05-19T01:37:00.000Z","AUDUSD",0.7987,0.7986,0.7987
"2015-05-19T01:37:00.000Z","USDJPY",119.896,119.896,119.899
"2015-05-19T01:38:00.000Z","EURUSD",1.131,1.131,1.1311
"2015-05-19T01:38:00.000Z","EURUSD",1.131,1.131,1.1311
"2015-05-19T01:38:00.000Z","GBPUSD",1.5649,1.5648,1.5649
"2015-05-19T01:38:00.000Z","AUDUSD",0.7983,0.7982,0.7984
"2015-05-19T01:38:00.000Z","USDJPY",119.905,119.905,119.92
"2015-05-19T01:39:00.000Z","EURUSD",1.1309,1.1308,1.1309
"2015-05-19T01:39:00.000Z","EURUSD",1.1309,1.1308,1.1309
"2015-05-19T01:39:00.000Z","GBPUSD",1.5647,1.5646,1.5648
"2015-05-19T01:39:00.000Z","AUDUSD",0.7971,0.7971,0.7972
"2015-05-19T01:39:00.000Z","USDJPY",119.912,119.912,119.915
"2015-05-19T01:40:00.000Z","EURUSD",1.1307,1.1305,1.1308
"2015-05-19T01:40:00.000Z","EURUSD",1.1307,1.1305,1.1308
"2015-05-19T01:40:00.000Z","GBPUSD",1.5643,1.5642,1.5644
"2015-05-19T01:40:00.000Z","AUDUSD",0.797,0.7969,0.7972
"2015-05-19T01:40:00.000Z","USDJPY",119.93,119.93,119.94
"2015-05-19T01:41:00.000Z","EURUSD",1.1307,1.1305,1.1308
"2015-05-19T01:41:00.000Z","EURUSD",1.1307,1.1305,1.1308
"2015-05-19T01:41:00.000Z","GBPUSD",1.5644,1.5643,1.5644
"2015-05-19T01:41:00.000Z","AUDUSD",0.7969,0.7967,0.797
"2015-05-19T01:41:00.000Z","USDJPY",119.92,119.92,119.94
"2015-05-19T01:42:00.000Z","EURUSD",1.1308,1.1307,1.1308
"2015-05-19T01:42:00.000Z","EURUSD",1.1308,1.1307,1.1308
"2015-05-19T01:42:00.000Z","GBPUSD",1.5646,1.5646,1.5647
"2015-05-19T01:42:00.000Z","AUDUSD",0.7972,0.7972,0.7973
"2015-05-19T01:42:00.000Z","USDJPY",119.93,119.93,119.94
"2015-05-19T01:43:00.000Z","EURUSD",1.1308,1.1308,1.1309
"2015-05-19T01:43:00.000Z","EURUSD",1.1308,1.1308,1.1309
"2015-05-19T01:43:00.000Z","GBPUSD",1.5647,1.5646,1.5648
"2015-05-19T01:43:00.000Z","AUDUSD",0.797,0.7969,0.7972
"2015-05-19T01:43:00.000Z","USDJPY",119.935,119.935,119.938
"2015-05-19T01:44:00.000Z","EURUSD",1.1305,1.1305,1.1305
"2015-05-19T01:44:00.000Z","EURUSD",1.1305,1.1305,1.1305
"2015-05-19T01:44:00.000Z","GBPUSD",1.5645,1.5644,1.5645
"2015-05-19T01:44:00.000Z","AUDUSD",0.7967,0.7965,0.7968
"2015-05-19T01:44:00.000Z","USDJPY",119.943,119.943,119.945
"2015-05-19T01:45:00.000Z","EURUSD",1.1303,1.1303,1.1304
"2015-05-19T01:45:00.000Z","EURUSD",1.1303,1.1303,1.1304
"2015-05-19T01:45:00.000Z","GBPUSD",1.5644,1.5642,1.5646
"2015-05-19T01:45:00.000Z","AUDUSD",0.7963,0.7962,0.7964
"2015-05-19T01:45:00.000Z","USDJPY",119.951,119.951,119.954
"2015-05-19T01:46:00.000Z","EURUSD",1.1301,1.13,1.1301
"2015-05-19T01:46:00.000Z","EURUSD",1.1301,1.13,1.1301
"2015-05-19T01:46:00.000Z","GBPUSD",1.5642,1.564,1.5644
"2015-05-19T01:46:00.000Z","AUDUSD",0.7962,0.7961,0.7964
"2015-05-19T01:46:00.000Z","USDJPY",119.961,119.961,119.965
"2015-05-19T01:47:00.000Z","EURUSD",1.1299,1.1297,1.13
"2015-05-19T01:47:00.000Z","EURUSD",1.1299,1.1297,1.13
"2015-05-19T01:47:00.000Z","GBPUSD",1.5641,1.5641,1.5642
"2015-05-19T01:47:00.000Z","AUDUSD",0.7961,0.7961,0.7962
"2015-05-19T01:47:00.000Z","USDJPY",119.957,119.957,119.96
"2015-05-19T01:49:00.000Z","EURUSD",1.1295,1.1294,1.1295
"2015-05-19T01:49:00.000Z","EURUSD",1.1295,1.1294,1.1295
"2015-05-19T01:49:00.000Z","GBPUSD",1.564,1.5639,1.564
"2015-05-19T01:49:00.000Z","AUDUSD",0.796,0.796,0.7961
"2015-05-19T01:49:00.000Z","USDJPY",119.973,119.973,119.976
"2015-05-19T01:50:00.000Z","EURUSD",1.1293,1.1293,1.1293
"2015-05-19T01:50:00.000Z","EURUSD",1.1293,1.1293,1.1293
"2015-05-19T01:50:00.000Z","GBPUSD",1.5637,1.5634,1.564
"2015-05-19T01:50:00.000Z","AUDUSD",0.7961,0.796,0.7962
"2015-05-19T01:50:00.000Z","USDJPY",119.97,119.97,119.98
"2015-05-19T01:51:00.000Z","EURUSD",1.1292,1.1292,1.1293
"2015-05-19T01:51:00.000Z","EURUSD",1.1292,1.1292,1.1293
"2015-05-19T01:51:00.000Z","GBPUSD",1.5634,1.5633,1.5634
"2015-05-19T01:51:00.000Z","AUDUSD",0.796,0.7958,0.7962
"2015-05-19T01:51:00.000Z","USDJPY",119.967,119.967,119.97
"2015-05-19T01:52:00.000Z","EURUSD",1.1288,1.1287,1.129
"2015-05-19T01:52:00.000Z","EURUSD",1.1288,1.1287,1.129
"2015-05-19T01:52:00.000Z","GBPUSD",1.5632,1.5631,1.5633
"2015-05-19T01:52:00.000Z","AUDUSD",0.7958,0.7958,0.7959
"2015-05-19T01:52:00.000Z","USDJPY",119.985,119.985,120
"2015-05-19T01:53:00.000Z","EURUSD",1.1293,1.1292,1.1293
"2015-05-19T01:53:00.000Z","EURUSD",1.1293,1.1292,1.1293
"2015-05-19T01:53:00.000Z","GBPUSD",1.5635,1.5633,1.5638
"2015-05-19T01:53:00.000Z","AUDUSD",0.7965,0.7965,0.7966
"2015-05-19T01:53:00.000Z","USDJPY",119.95,119.95,119.96
"2015-05-19T01:54:00.000Z","EURUSD",1.1295,1.1294,1.1296
"2015-05-19T01:54:00.000Z","EURUSD",1.1295,1.1294,1.1296
"2015-05-19T01:54:00.000Z","GBPUSD",1.5635,1.5635,1.5636
"2015-05-19T01:54:00.000Z","AUDUSD",0.7965,0.7964,0.7966
"2015-05-19T01:54:00.000Z","USDJPY",119.949,119.949,119.952
"2015-05-19T01:55:00.000Z","EURUSD",1.1295,1.1295,1.1295
"2015-05-19T01:55:00.000Z","EURUSD",1.1295,1.1295,1.1295
"2015-05-19T01:55:00.000Z","GBPUSD",1.5634,1.5634,1.5635
"2015-05-19T01:55:00.000Z","AUDUSD",0.7964,0.7964,0.7965
"2015-05-19T01:55:00.000Z","USDJPY",119.952,119.952,119.955
"2015-05-19T01:56:00.000Z","EURUSD",1.1293,1.1291,1.1295
"2015-05-19T01:56:00.000Z","EURUSD",1.1293,1.1291,1.1295
"2015-05-19T01:56:00.000Z","GBPUSD",1.5633,1.5633,1.5634
"2015-05-19T01:56:00.000Z","AUDUSD",0.7964,0.7964,0.7965
"2015-05-19T01:56:00.000Z","USDJPY",119.969,119.969,119.972
"2015-05-19T01:57:00.000Z","EURUSD",1.1295,1.1293,1.1297
"2015-05-19T01:57:00.000Z","EURUSD",1.1295,1.1293,1.1297
"2015-05-19T01:57:00.000Z","GBPUSD",1.5635,1.5633,1.5637
"2015-05-19T01:57:00.000Z","AUDUSD",0.7965,0.7963,0.7968
"2015-05-19T01:57:00.000Z","USDJPY",119.967,119.967,119.97
"2015-05-19T01:58:00.000Z","EURUSD",1.1295,1.1295,1.1296
"2015-05-19T01:58:00.000Z","EURUSD",1.1295,1.1295,1.1296
"2015-05-19T01:58:00.000Z","GBPUSD",1.5633,1.5631,1.5636
"2015-05-19T01:58:00.000Z","AUDUSD",0.7966,0.7964,0.7969
"2015-05-19T01:58:00.000Z","USDJPY",119.955,119.955,119.98
"2015-05-19T01:59:00.000Z","EURUSD",1.1296,1.1295,1.1298
"2015-05-19T01:59:00.000Z","EURUSD",1.1296,1.1295,1.1298
"2015-05-19T01:59:00.000Z","GBPUSD",1.5634,1.5633,1.5634
"2015-05-19T01:59:00.000Z","AUDUSD",0.7968,0.7965,0.797
"2015-05-19T01:59:00.000Z","USDJPY",119.963,119.963,119.966
"2015-05-19T02:00:00.000Z","EURUSD",1.1293,1.1292,1.1294
"2015-05-19T02:00:00.000Z","EURUSD",1.1293,1.1292,1.1294
"2015-05-19T02:00:00.000Z","GBPUSD",1.5634,1.5634,1.5635
"2015-05-19T02:00:00.000Z","AUDUSD",0.7967,0.7966,0.7968
"2015-05-19T02:00:00.000Z","USDJPY",119.969,119.969,119.971
"2015-05-19T02:02:00.000Z","EURUSD",1.1294,1.1293,1.1296
"2015-05-19T02:02:00.000Z","EURUSD",1.1294,1.1293,1.1296
"2015-05-19T02:02:00.000Z","GBPUSD",1.5638,1.5637,1.5638
"2015-05-19T02:02:00.000Z","AUDUSD",0.7968,0.7967,0.797
"2015-05-19T02:02:00.000Z","USDJPY",119.979,119.979,119.981
"2015-05-19T02:03:00.000Z","EURUSD",1.1296,1.1294,1.1298
"2015-05-19T02:03:00.000Z","EURUSD",1.1296,1.1294,1.1298
"2015-05-19T02:03:00.000Z","GBPUSD",1.5637,1.5637,1.5638
"2015-05-19T02:03:00.000Z","AUDUSD",0.7968,0.7965,0.797
"2015-05-19T02:03:00.000Z","USDJPY",119.985,119.985,120
"2015-05-19T02:04:00.000Z","EURUSD",1.1296,1.1295,1.1296
"2015-05-19T02:04:00.000Z","EURUSD",1.1296,1.1295,1.1296
"2015-05-19T02:04:00.000Z","GBPUSD",1.5638,1.5637,1.5638
"2015-05-19T02:04:00.000Z","AUDUSD",0.7967,0.7967,0.7968
"2015-05-19T02:04:00.000Z","USDJPY",119.965,119.965,119.99
"2015-05-19T02:05:00.000Z","EURUSD",1.1295,1.1293,1.1298
"2015-05-19T02:05:00.000Z","EURUSD",1.1295,1.1293,1.1298
"2015-05-19T02:05:00.000Z","GBPUSD",1.5639,1.5638,1.564
"2015-05-19T02:05:00.000Z","AUDUSD",0.7969,0.7968,0.797
"2015-05-19T02:05:00.000Z","USDJPY",119.945,119.945,119.97
"2015-05-19T02:06:00.000Z","EURUSD",1.1296,1.1296,1.1296
"2015-05-19T02:06:00.000Z","EURUSD",1.1296,1.1296,1.1296
"2015-05-19T02:06:00.000Z","GBPUSD",1.5639,1.5639,1.564
"2015-05-19T02:06:00.000Z","AUDUSD",0.7972,0.7971,0.7972
"2015-05-19T02:06:00.000Z","USDJPY",119.96,119.96,119.963
"2015-05-19T02:07:00.000Z","EURUSD",1.1295,1.1293,1.1297
"2015-05-19T02:07:00.000Z","EURUSD",1.1295,1.1293,1.1297
"2015-05-19T02:07:00.000Z","GBPUSD",1.5639,1.5637,1.5642
"2015-05-19T02:07:00.000Z","AUDUSD",0.7969,0.7966,0.7971
"2015-05-19T02:07:00.000Z","USDJPY",119.98,119.98,119.983
"2015-05-19T02:08:00.000Z","EURUSD",1.1295,1.1294,1.1295
"2015-05-19T02:08:00.000Z","EURUSD",1.1295,1.1294,1.1295
"2015-05-19T02:08:00.000Z","GBPUSD",1.5638,1.5638,1.5639
"2015-05-19T02:08:00.000Z","AUDUSD",0.7966,0.7965,0.7969
"2015-05-19T02:08:00.000Z","USDJPY",119.986,119.986,119.989
"2015-05-19T02:09:00.000Z","EURUSD",1.1296,1.1295,1.1296
"2015-05-19T02:09:00.000Z","EURUSD",1.1296,1.1295,1.1296
"2015-05-19T02:09:00.000Z","GBPUSD",1.5638,1.5638,1.5639
"2015-05-19T02:09:00.000Z","AUDUSD",0.7968,0.7966,0.797
"2015-05-19T02:09:00.000Z","USDJPY",119.97,119.97,119.98
"2015-05-19T02:10:00.000Z","EURUSD",1.1294,1.1293,1.1296
"2015-05-19T02:10:00.000Z","EURUSD",1.1294,1.1293,1.1296
"2015-05-19T02:10:00.000Z","GBPUSD",1.5638,1.5637,1.5639
"2015-05-19T02:10:00.000Z","AUDUSD",0.7968,0.7967,0.7969
"2015-05-19T02:10:00.000Z","USDJPY",119.97,119.97,119.98
"2015-05-19T02:11:00.000Z","EURUSD",1.1293,1.1293,1.1293
"2015-05-19T02:11:00.000Z","EURUSD",1.1293,1.1293,1.1293
"2015-05-19T02:11:00.000Z","GBPUSD",1.5637,1.5637,1.5638
"2015-05-19T02:11:00.000Z","AUDUSD",0.7968,0.7965,0.797
"2015-05-19T02:11:00.000Z","USDJPY",119.987,119.987,119.989
"2015-05-19T02:13:00.000Z","EURUSD",1.1293,1.1292,1.1293
"2015-05-19T02:13:00.000Z","EURUSD",1.1293,1.1292,1.1293
"2015-05-19T02:13:00.000Z","GBPUSD",1.5637,1.5637,1.5638
"2015-05-19T02:13:00.000Z","AUDUSD",0.7967,0.7966,0.7968
"2015-05-19T02:13:00.000Z","USDJPY",119.979,119.979,119.981
"2015-05-19T02:13:00.000Z","EURUSD",1.1292,1.1291,1.1292
"2015-05-19T02:13:00.000Z","EURUSD",1.1292,1.1291,1.1292
"2015-05-19T02:13:00.000Z","GBPUSD",1.5637,1.5636,1.5638
"2015-05-19T02:13:00.000Z","AUDUSD",0.7967,0.7966,0.7968
"2015-05-19T02:13:00.000Z","USDJPY",119.97,119.97,119.973
"2015-05-19T02:15:00.000Z","EURUSD",1.1293,1.1293,1.1293
"2015-05-19T02:15:00.000Z","EURUSD",1.1293,1.1293,1.1293
"2015-05-19T02:15:00.000Z","GBPUSD",1.5639,1.5637,1.5641
"2015-05-19T02:15:00.000Z","AUDUSD",0.7969,0.7969,0.797
"2015-05-19T02:15:00.000Z","USDJPY",119.955,119.955,119.98
"2015-05-19T02:16:00.000Z","EURUSD",1.1293,1.1292,1.1293
"2015-05-19T02:16:00.000Z","EURUSD",1.1293,1.1292,1.1293
"2015-05-19T02:16:00.000Z","GBPUSD",1.5639,1.5639,1.5639
"2015-05-19T02:16:00.000Z","AUDUSD",0.797,0.7969,0.7972
"2015-05-19T02:16:00.000Z","USDJPY",119.957,119.957,119.96
"2015-05-19T02:17:00.000Z","EURUSD",1.1288,1.1287,1.1288
"2015-05-19T02:17:00.000Z","EURUSD",1.1288,1.1287,1.1288
"2015-05-19T02:17:00.000Z","GBPUSD",1.5635,1.5634,1.5636
"2015-05-19T02:17:00.000Z","AUDUSD",0.7971,0.7969,0.7972
"2015-05-19T02:17:00.000Z","USDJPY",119.959,119.959,119.962
"2015-05-19T02:18:00.000Z","EURUSD",1.129,1.1289,1.129
"2015-05-19T02:18:00.000Z","EURUSD",1.129,1.1289,1.129
"2015-05-19T02:18:00.000Z","GBPUSD",1.5637,1.5636,1.5638
"2015-05-19T02:18:00.000Z","AUDUSD",0.7973,0.7973,0.7974
"2015-05-19T02:18:00.000Z","USDJPY",119.959,119.959,119.962
"2015-05-19T02:19:00.000Z","EURUSD",1.1291,1.1289,1.1292
"2015-05-19T02:19:00.000Z","EURUSD",1.1291,1.1289,1.1292
"2015-05-19T02:19:00.000Z","GBPUSD",1.5636,1.5634,1.5638
"2015-05-19T02:19:00.000Z","AUDUSD",0.7973,0.7972,0.7973
"2015-05-19T02:19:00.000Z","USDJPY",119.955,119.955,119.98
"2015-05-19T02:19:00.000Z","EURUSD",1.129,1.1288,1.1292
"2015-05-19T02:19:00.000Z","EURUSD",1.129,1.1288,1.1292
"2015-05-19T02:19:00.000Z","GBPUSD",1.5637,1.5636,1.5638
"2015-05-19T02:19:00.000Z","AUDUSD",0.7972,0.7971,0.7974
"2015-05-19T02:19:00.000Z","USDJPY",119.965,119.965,119.99
"2015-05-19T02:20:00.000Z","EURUSD",1.1292,1.1292,1.1292
"2015-05-19T02:20:00.000Z","EURUSD",1.1292,1.1292,1.1292
"2015-05-19T02:20:00.000Z","GBPUSD",1.5638,1.5636,1.564
"2015-05-19T02:20:00.000Z","AUDUSD",0.7969,0.7969,0.797
"2015-05-19T02:20:00.000Z","USDJPY",119.965,119.965,119.99
"2015-05-21T02:26:00.000Z","EURUSD",1.1122,1.1121,1.1124
"2015-05-21T02:26:00.000Z","EURUSD",1.1122,1.1121,1.1124
"2015-05-21T02:26:00.000Z","GBPUSD",1.5555,1.5554,1.5555
"2015-05-21T02:26:00.000Z","AUDUSD",0.7897,0.7897,0.7898
"2015-05-21T02:26:00.000Z","USDJPY",121.143,121.143,121.146
"2015-05-21T02:27:00.000Z","EURUSD",1.1122,1.1121,1.1124
"2015-05-21T02:27:00.000Z","EURUSD",1.1122,1.1121,1.1124
"2015-05-21T02:27:00.000Z","GBPUSD",1.5556,1.5555,1.5558
"2015-05-21T02:27:00.000Z","AUDUSD",0.7898,0.7897,0.79
"2015-05-21T02:27:00.000Z","USDJPY",121.125,121.125,121.14
"2015-05-21T03:03:00.000Z","EURUSD",1.1123,1.1123,1.1123
"2015-05-21T03:03:00.000Z","EURUSD",1.1123,1.1123,1.1123
"2015-05-21T03:03:00.000Z","GBPUSD",1.5555,1.5554,1.5555
"2015-05-21T03:03:00.000Z","AUDUSD",0.7897,0.7897,0.7897
"2015-05-21T03:03:00.000Z","USDJPY",121.144,121.144,121.147
"2015-05-21T03:04:00.000Z","EURUSD",1.1121,1.1121,1.1122
"2015-05-21T03:04:00.000Z","EURUSD",1.1121,1.1121,1.1122
"2015-05-21T03:04:00.000Z","GBPUSD",1.5554,1.5554,1.5555
"2015-05-21T03:04:00.000Z","AUDUSD",0.7897,0.7895,0.79
"2015-05-21T03:04:00.000Z","USDJPY",121.155,121.155,121.16
"2015-05-21T03:05:00.000Z","EURUSD",1.112,1.1118,1.1122
"2015-05-21T03:05:00.000Z","EURUSD",1.112,1.1118,1.1122
"2015-05-21T03:05:00.000Z","GBPUSD",1.5554,1.5553,1.5556
"2015-05-21T03:05:00.000Z","AUDUSD",0.7896,0.7895,0.7898
"2015-05-21T03:05:00.000Z","USDJPY",121.157,121.157,121.16
"2015-05-21T03:06:00.000Z","EURUSD",1.112,1.112,1.1121
"2015-05-21T03:06:00.000Z","EURUSD",1.112,1.112,1.1121
"2015-05-21T03:06:00.000Z","GBPUSD",1.5553,1.5553,1.5554
"2015-05-21T03:06:00.000Z","AUDUSD",0.7896,0.7896,0.7897
"2015-05-21T03:06:00.000Z","USDJPY",121.16,121.16,121.164
"2015-05-21T03:07:00.000Z","EURUSD",1.1122,1.112,1.1124
"2015-05-21T03:07:00.000Z","EURUSD",1.1122,1.112,1.1124
"2015-05-21T03:07:00.000Z","GBPUSD",1.5554,1.5552,1.5556
"2015-05-21T03:07:00.000Z","AUDUSD",0.7896,0.7895,0.7896
"2015-05-21T03:07:00.000Z","USDJPY",121.16,121.16,121.164
"2015-05-21T03:08:00.000Z","EURUSD",1.1119,1.1119,1.112
"2015-05-21T03:08:00.000Z","EURUSD",1.1119,1.1119,1.112
"2015-05-21T03:08:00.000Z","GBPUSD",1.5553,1.5553,1.5554
"2015-05-21T03:08:00.000Z","AUDUSD",0.7895,0.7895,0.7896
"2015-05-21T03:08:00.000Z","USDJPY",121.161,121.161,121.165
"2015-05-21T03:09:00.000Z","EURUSD",1.1119,1.1117,1.112
"2015-05-21T03:09:00.000Z","EURUSD",1.1119,1.1117,1.112
"2015-05-21T03:09:00.000Z","GBPUSD",1.5554,1.5552,1.5556
"2015-05-21T03:09:00.000Z","AUDUSD",0.7895,0.7894,0.7896
"2015-05-21T03:09:00.000Z","USDJPY",121.17,121.17,121.18
"2015-05-21T03:10:00.000Z","EURUSD",1.1119,1.1119,1.1119
"2015-05-21T03:10:00.000Z","EURUSD",1.1119,1.1119,1.1119
"2015-05-21T03:10:00.000Z","GBPUSD",1.5552,1.5552,1.5553
"2015-05-21T03:10:00.000Z","AUDUSD",0.7893,0.7891,0.7894
"2015-05-21T03:10:00.000Z","USDJPY",121.163,121.163,121.167
"2015-05-21T03:11:00.000Z","EURUSD",1.1116,1.1115,1.1118
"2015-05-21T03:11:00.000Z","EURUSD",1.1116,1.1115,1.1118
"2015-05-21T03:11:00.000Z","GBPUSD",1.5551,1.5551,1.5552
"2015-05-21T03:11:00.000Z","AUDUSD",0.7893,0.7891,0.7894
"2015-05-21T03:11:00.000Z","USDJPY",121.175,121.175,121.179
"2015-05-21T03:12:00.000Z","EURUSD",1.1115,1.1115,1.1115
"2015-05-21T03:12:00.000Z","EURUSD",1.1115,1.1115,1.1115
"2015-05-21T03:12:00.000Z","GBPUSD",1.555,1.555,1.5551
"2015-05-21T03:12:00.000Z","AUDUSD",0.7892,0.789,0.7894
"2015-05-21T03:12:00.000Z","USDJPY",121.175,121.175,121.2
"2015-05-21T03:13:00.000Z","EURUSD",1.1115,1.1115,1.1115
"2015-05-21T03:13:00.000Z","EURUSD",1.1115,1.1115,1.1115
"2015-05-21T03:13:00.000Z","GBPUSD",1.5551,1.555,1.5551
"2015-05-21T03:13:00.000Z","AUDUSD",0.789,0.789,0.7891
"2015-05-21T03:13:00.000Z","USDJPY",121.188,121.188,121.192
"2015-05-21T03:14:00.000Z","EURUSD",1.1117,1.1117,1.1118
"2015-05-21T03:14:00.000Z","EURUSD",1.1117,1.1117,1.1118
"2015-05-21T03:14:00.000Z","GBPUSD",1.5552,1.555,1.5554
"2015-05-21T03:14:00.000Z","AUDUSD",0.789,0.7889,0.7892
"2015-05-21T03:14:00.000Z","USDJPY",121.177,121.177,121.18
"2015-05-21T03:15:00.000Z","EURUSD",1.1116,1.1114,1.1118
"2015-05-21T03:15:00.000Z","EURUSD",1.1116,1.1114,1.1118
"2015-05-21T03:15:00.000Z","GBPUSD",1.5552,1.5549,1.5554
"2015-05-21T03:15:00.000Z","AUDUSD",0.789,0.7888,0.7892
"2015-05-21T03:15:00.000Z","USDJPY",121.175,121.175,121.179
"2015-05-21T03:16:00.000Z","EURUSD",1.1117,1.1117,1.1118
"2015-05-21T03:16:00.000Z","EURUSD",1.1117,1.1117,1.1118
"2015-05-21T03:16:00.000Z","GBPUSD",1.5551,1.5549,1.5552
"2015-05-21T03:16:00.000Z","AUDUSD",0.7891,0.7889,0.7894
"2015-05-21T03:16:00.000Z","USDJPY",121.175,121.175,121.179
"2015-05-21T03:17:00.000Z","EURUSD",1.1118,1.1116,1.112
"2015-05-21T03:17:00.000Z","EURUSD",1.1118,1.1116,1.112
"2015-05-21T03:17:00.000Z","GBPUSD",1.5551,1.5551,1.5552
"2015-05-21T03:17:00.000Z","AUDUSD",0.7891,0.7889,0.7892
"2015-05-21T03:17:00.000Z","USDJPY",121.17,121.17,121.18
"2015-05-21T03:18:00.000Z","EURUSD",1.1117,1.1117,1.1118
"2015-05-21T03:18:00.000Z","EURUSD",1.1117,1.1117,1.1118
"2015-05-21T03:18:00.000Z","GBPUSD",1.5551,1.555,1.5552
"2015-05-21T03:18:00.000Z","AUDUSD",0.7891,0.7891,0.7892
"2015-05-21T03:18:00.000Z","USDJPY",121.188,121.188,121.19
"2015-05-21T03:22:00.000Z","EURUSD",1.1119,1.1119,1.112
"2015-05-21T03:22:00.000Z","EURUSD",1.1119,1.1119,1.112
"2015-05-21T03:22:00.000Z","GBPUSD",1.5552,1.555,1.5554
"2015-05-21T03:22:00.000Z","AUDUSD",0.7897,0.7894,0.7898
"2015-05-21T03:22:00.000Z","USDJPY",121.185,121.185,121.21
"2015-05-21T03:23:00.000Z","EURUSD",1.1118,1.1118,1.1119
"2015-05-21T03:23:00.000Z","EURUSD",1.1118,1.1118,1.1119
"2015-05-21T03:23:00.000Z","GBPUSD",1.5552,1.5552,1.5553
"2015-05-21T03:23:00.000Z","AUDUSD",0.7896,0.7895,0.7896
"2015-05-21T03:23:00.000Z","USDJPY",121.184,121.184,121.187
"2015-05-21T03:26:00.000Z","EURUSD",1.1122,1.1122,1.1123
"2015-05-21T03:26:00.000Z","EURUSD",1.1122,1.1122,1.1123
"2015-05-21T03:26:00.000Z","GBPUSD",1.5554,1.5552,1.5556
"2015-05-21T03:26:00.000Z","AUDUSD",0.7897,0.7896,0.7898
"2015-05-21T03:26:00.000Z","USDJPY",121.185,121.185,121.2
"2015-05-21T03:27:00.000Z","EURUSD",1.1122,1.1122,1.1122
"2015-05-21T03:27:00.000Z","EURUSD",1.1122,1.1122,1.1122
"2015-05-21T03:27:00.000Z","GBPUSD",1.5553,1.5553,1.5554
"2015-05-21T03:27:00.000Z","AUDUSD",0.7897,0.7897,0.7898
"2015-05-21T03:27:00.000Z","USDJPY",121.172,121.172,121.175
"2015-05-22T19:29:00.000Z","EURUSD",1.1005,1.1004,1.1006
"2015-05-22T19:29:00.000Z","EURUSD",1.1005,1.1004,1.1006
"2015-05-22T19:29:00.000Z","GBPUSD",1.548,1.5479,1.548
"2015-05-22T19:29:00.000Z","AUDUSD",0.7818,0.7817,0.782
"2015-05-22T19:29:00.000Z","USDJPY",121.535,121.535,121.54